7003.0,1970071506.0,15.749715389858702,25.0,83.84716432679616,-156.0250021301149,293.981219500931,-27.956286538090417,296.65685059725575
7003.0,1970071512.0,18.133262064395222,25.0,83.84716432679616,-151.23341380694623,220.19366559409676,-34.48205829539082,296.65685059725575
7003.0,1970071518.0,22.130317433474996,22.0,92.93511238619287,94.30355327801954,158.72397090085084,30.716052192969574,299.1325035249912
7003.0,1970071600.0,24.152684785345446,21.0,96.48139057295128,-80.47986524527708,88.77873278941311,-42.192995737760384,299.1325035249912
7003.0,1970071606.0,23.793174986055487,19.0,104.5763399024044,28.191038001952155,132.2787052719039,12.030800879550988,335.61512660564415
7004.0,1970080200.0,18.023571301820187,18.0,109.22843718657725,62.82732712851704,268.9749655774753,13.147456044531602,335.61512660564415
7004.0,1970080206.0,17.099892535315103,20.0,100.3462021112321,48.25146313158277,165.9833951563083,16.20917648823739,4.392605964245184
7004.0,1970080212.0,22.548825675684018,20.0,100.3462021112321,9.42058896253621,75.22186551642626,7.138407290311809,4.392605964245184
7004.0,1970080218.0,20.959214629272076,17.0,114.3717338112809,25.53847363731989,61.638388861692434,22.505567196306554,337.3883181278294
7004.0,1970080300.0,60.74743675107948,15.0,126.49595057933435,110.56130324906603,182.97438873927942,31.142247408804472,337.3883181278294
7005.0,1970080812.0,19.672137945353853,14.0,133.7202001013979,-203.49555304991839,246.59223872090163,-39.53050469176103,128.2331175269651
7005.0,1970080818.0,26.6375418934155,12.0,151.3872093946261,202.37649049137212,202.40097118036402,44.99653478691401,299.09569390388486
7010.0,1970090818.0,14.655444484942885,14.0,133.7202001013979,101.97535987078088,213.20807244994123,25.56133901277211,299.09569390388486
7010.0,1970090900.0,9.264939372656881,13.0,141.94028990686283,102.0815394248788,142.8976267750599,35.54081214784504,293.9847503670927
7010.0,1970090906.0,12.561779813527096,13.0,141.94028990686283,78.59488676148432,111.19492664455889,35.25346444905481,293.9847503670927
7010.0,1970090912.0,15.477632344245796,11.0,162.3711905190999,51.39540965436954,174.43877142210494,16.416710484677353,261.1874019003684
7011.0,1970091300.0,11.585860834232117,35.0,63.95217374784219,-146.90857771490332,279.7201024083978,-27.708387796991886,261.1874019003684
7011.0,1970091306.0,12.274186576307251,35.0,63.95217374784219,109.0115745706318,222.63033463221373,26.088811914093974,294.4554121781195
7011.0,1970091312.0,13.086909583391977,35.0,63.95217374784219,65.5363697700403,161.05707151775002,22.142093553879633,294.4554121781195
7011.0,1970091318.0,14.924949546129824,35.0,63.95217374784219,-44.34184774465338,93.32808225000387,-25.413232123540524,143.6556809188963
7011.0,1970091400.0,16.7661844701286,34.0,65.46204349166737,-42.16675559780378,42.555794981584846,-44.73690407175866,143.6556809188963
7011.0,1970091406.0,12.972741441865262,25.0,83.84716432679616,-33.068997841346935,115.35671763774353,-15.995865413516329,296.6405976531813
7012.0,1970100612.0,5.083131056926397,45.0,52.23889874427604,84.53991919559581,298.91962360187335,15.791870263995415,296.6405976531813
7012.0,1970100618.0,4.093329539129933,40.0,57.43436099052307,-0.408172696253814,269.83308860264464,-0.08667044909536464,293.22670361127484
7012.0,1970100700.0,8.889812499596372,35.0,63.95217374784219,109.36950551026911,245.27355330910098,24.032487478569763,293.22670361127484
7012.0,1970100706.0,5.519538530490948,30.0,72.40148542303059,198.91919850328577,198.94152502091436,44.99678476624014,52.6566408391569
7012.0,1970100712.0,12.696314692649919,20.0,100.3462021112321,201.18678442365783,202.53948042631242,44.80802962639289,249.4029158529503
7012.0,1970100718.0,15.757655644174116,20.0,100.3462021112321,-178.17308920602528,226.2068761327288,-38.22593065284871,249.4029158529503
7012.0,1970100800.0,21.59239760172044,11.0,162.3711905190999,-223.60413052257675,294.3982593434216,-37.217738365328735,248.1580797643545
7108.0,1971061700.0,15.226167451847624,30.0,72.40148542303059,164.76448212770666,233.5093459535733,35.206841105808834,248.1580797643545
7108.0,1971061706.0,16.42335461546106,32.0,68.73601561075849,168.30300723992946,177.9306731604527,43.40719564526961,315.02316811285516
7108.0,1971061712.0,13.074783360290441,30.0,72.40148542303059,167.19642835140928,167.22783163314637,44.994619781767064,315.02316811285516
7108.0,1971061718.0,15.152940870064599,30.0,72.40148542303059,127.06655419444624,177.9838147221342,35.523874980736856,324.47335290890777
7114.0,1971072106.0,17.6598598700563,55.0,44.44655669143675,-91.00617291566273,260.5105635712115,-19.256235769858016,324.47335290890777
7114.0,1971072112.0,11.741874517855221,55.0,44.44655669143675,-52.71593325009335,166.82505591774068,-17.53629122365286,164.62334911035708
7114.0,1971072118.0,17.680614878239734,50.0,47.99093740128585,-37.05252620375941,102.79418718040733,-19.821876356232163,321.4907779542804
7114.0,1971072200.0,23.460162686240622,45.0,52.23889874427604,29.485931438049946,38.02322502606906,37.792562061182885,321.4907779542804
7114.0,1971072206.0,48.67614817929971,40.0,57.43436099052307,159.4136650327336,165.74787079936556,43.884008960502236,333.5378444905353
7118.0,1971081600.0,13.429552221503121,40.0,57.43436099052307,198.48662772451556,294.39825934342105,33.98829338748314,333.5378444905353
7118.0,1971081606.0,11.644769309141019,35.0,63.95217374784219,201.42093862495435,238.04605360599382,40.23598727800773,351.8979781310612
7118.0,1971081612.0,13.421754903416641,35.0,63.95217374784219,194.6366362737827,205.4003814110003,43.4587216302024,351.8979781310612
7118.0,1971081618.0,17.026872404520876,35.0,63.95217374784219,190.44650492548055,190.4465083652862,44.99999948256771,7.107953752750089
7118.0,1971081700.0,19.739965530976544,22.0,92.93511238619287,172.08834622767975,212.4880610797886,39.003078929785055,7.107953752750089
7204.0,1972070918.0,2.543466461705329,25.0,83.84716432679616,-148.01099652743133,298.0732357147924,-26.407117870524505,6.331166992986343
7204.0,1972071006.0,2.5419479536065985,30.0,72.40148542303059,-140.36854264005035,274.00989827680456,-27.124949031699522,6.331166992986343
7204.0,1972071012.0,8.186655833038824,30.0,72.40148542303059,-64.02100391039806,260.9368882528125,-13.785245785484728,0.0
7204.0,1972071018.0,8.18279650503234,30.0,72.40148542303059,-123.7241001191319,213.5361501976177,-30.08825456153959,0.0
7204.0,1972071100.0,11.558402715131892,30.0,72.40148542303059,-146.3520096457896,174.60271276347513,-39.969741755794814,193.63097636587503
7204.0,1972071106.0,10.251174567796573,25.0,83.84716432679616,-142.21261667380622,144.82277043787948,-44.47899569431612,44.8309998560966
7204.0,1972071112.0,5.056182600032078,25.0,83.84716432679616,-155.53545447592194,163.85075867111925,-43.50862619448714,44.8309998560966
7204.0,1972071118.0,5.818682760011934,25.0,83.84716432679616,-173.7668798098415,173.79590018352968,-44.99521598679699,26.435405052523272
7204.0,1972071200.0,4.083369489472671,25.0,83.84716432679616,147.4662005759917,176.1764083239803,39.93058402799731,26.435405052523272
7204.0,1972071206.0,5.458884667920369,25.0,83.84716432679616,51.910558846182774,164.36836476520574,17.52707697317045,53.001363650637614
7204.0,1972071212.0,5.455377235225055,25.0,83.84716432679616,52.17488388531257,133.96343839791376,21.27947444354284,53.001363650637614
7204.0,1972071218.0,7.568063743709064,25.0,83.84716432679616,-58.2961521769681,105.03728414480966,-29.030466295806885,108.5408095876626
7204.0,1972071300.0,4.083885749520102,25.0,83.84716432679616,-59.90162525542662,72.79169648989314,-39.4515923786394,108.5408095876626
7204.0,1972071306.0,3.901246559500701,25.0,83.84716432679616,-9.379068175831607,88.77873278941553,-6.0306681392954165,106.0658017845646
7204.0,1972071312.0,5.476205237564195,25.0,83.84716432679616,-6.486622411273867,112.08121319956146,-3.312258698588885,106.0658017845646
7204.0,1972071318.0,6.873207420903295,25.0,83.84716432679616,-52.06041348009445,144.88122576937494,-19.764970214717824,116.74863646084096
7204.0,1972071400.0,7.804632437489114,25.0,83.84716432679616,-125.17374890150248,183.5759627288953,-34.28864956603733,116.74863646084096
7204.0,1972071406.0,14.925507548127767,23.0,89.66835004458707,-210.912589691089,218.52671272089455,-43.9842303543155,284.0528815245748
7301.0,1973070206.0,11.252024892692665,28.0,76.53637190808041,208.58095915848344,257.75818633925445,38.9801919208766,284.0528815245748
7301.0,1973070212.0,14.924667525329882,28.0,76.53637190808041,-221.8346470483144,223.15634965982363,-44.82982181823328,315.1218628621825
7301.0,1973070218.0,15.212356595537342,30.0,72.40148542303059,-211.77590896431084,228.21050681168745,-42.86085319503899,315.1218628621825
7304.0,1973071612.0,17.462431969869694,30.0,72.40148542303059,-114.8657895817809,226.97817281767277,-26.8423915283341,310.6906222744851
7304.0,1973071618.0,16.554582081106755,35.0,63.95217374784219,-68.9347444220447,144.8812257693713,-25.445188021410328,310.6906222744851
7304.0,1973071700.0,15.52388702619619,30.0,72.40148542303059,-70.90992535581799,75.22186551642378,-43.30985231302469,326.38302556512156
7304.0,1973071706.0,23.82647953624669,28.0,76.53637190808041,-93.65229934730509,102.14918036334859,-42.51518645047333,326.38302556512156
7304.0,1973071712.0,57.85645862446026,26.0,81.24123960938374,-121.02099150740825,210.1753585297496,-29.933750938620364,305.58367403583765
7310.0,1973082018.0,29.46100401870142,14.0,133.7202001013979,-158.8964861200551,205.53952298665638,-37.70654188781652,305.58367403583765
7310.0,1973082100.0,21.0407810081269,14.0,133.7202001013979,86.05178389228371,171.83189953143062,26.60127383894108,108.6661379236722
7313.0,1973090506.0,32.65858378958668,30.0,72.40148542303059,275.57676783260206,289.2925758053614,43.609052642986846,281.31094757756443
7417.0,1974082612.0,11.414226205636758,10.0,175.31944474510186,-250.8801361810718,261.76978277559476,-43.783113095726996,281.31094757756443
7417.0,1974082618.0,20.4587753274248,10.0,175.31944474510186,133.27673658464082,246.9972714048931,28.350761828030166,296.6282575519034
7419.0,1974090412.0,6.383649233695535,10.0,175.31944474510186,-211.09634450499294,211.10857308230925,-44.99834050755855,296.6282575519034
7419.0,1974090418.0,7.8668810446788315,10.0,175.31944474510186,-216.30706905839435,216.56483989388596,-44.965880947910854,306.9266548405212
7419.0,1974090500.0,8.679429570033657,12.0,151.3872093946261,-221.81321319702545,226.2068761327288,-44.438127264743564,306.9266548405212
7419.0,1974090506.0,14.005693414136724,13.0,141.94028990686283,222.0133101080442,222.63033463221373,44.92049165929483,287.09702024520794
7419.0,1974090512.0,10.408501253614654,13.0,141.94028990686283,208.77251549939027,230.8632568703835,42.12343103024148,287.09702024520794
7419.0,1974090518.0,21.693184443178342,15.0,126.49595057933435,261.7350931669954,262.10311187432336,44.95974727494152,171.30698593985346
7422.0,1974101800.0,8.910893312003019,31.0,70.51539175120266,263.61660068552004,293.7157234280513,41.90870431443937,171.30698593985346
7422.0,1974101806.0,7.621242370846989,31.0,70.51539175120266,249.00654863705367,272.20056729798375,42.45198567121724,344.13145931823215
7422.0,1974101812.0,7.61427297562953,31.0,70.51539175120266,246.88626169901767,254.69180439847813,44.10843677831291,344.13145931823215
7422.0,1974101818.0,7.607213506109751,30.0,72.40148542303059,243.9440027291366,244.46500451161492,44.93888075058094,341.63508688554765
7422.0,1974101900.0,11.760590387494132,30.0,72.40148542303059,218.86223370669808,242.41822836045552,42.07664249954632,341.63508688554765
7422.0,1974101906.0,33.32813924859557,25.0,83.84716432679616,231.036921260879,276.0873874101497,39.92344679108456,344.1006615062117
7424.0,1974102918.0,7.616606141285771,32.0,68.73601561075849,225.7459439747906,247.7507236246332,42.33921141744756,344.1006615062117
7424.0,1974103000.0,7.175599671034198,30.0,72.40148542303059,219.79229310496703,230.2002255136645,43.67503508840745,347.4945624984184
7424.0,1974103006.0,5.519538530490948,25.0,83.84716432679616,122.50925709641358,244.46500451161492,26.616918568898143,347.4945624984184
7424.0,1974103012.0,3.932437816024463,20.0,100.3462021112321,85.93560924128302,273.28987770642976,17.455679776846157,338.2166677037983
7426.0,1974110806.0,15.707137198866008,23.0,89.66835004458707,132.9275029173551,287.7666158029044,24.79354481769493,338.2166677037983
7426.0,1974110812.0,11.639862490682487,21.0,96.48139057295128,136.55663329572025,207.56034948033744,33.341434003467484,143.11250195008103
7426.0,1974110818.0,7.575594562590616,20.0,100.3462021112321,80.6806356776676,160.59880179436084,26.673756329944556,315.1887485472891
7426.0,1974110900.0,7.102171251547645,18.0,109.22843718657725,-39.94636480549349,123.82131284878845,-17.88037548790185,315.1887485472891
7426.0,1974110906.0,8.834669789472978,18.0,109.22843718657725,-66.22241965603668,85.19741249181992,-37.85728216914163,0.0
7426.0,1974110912.0,6.538035315625128,12.0,151.3872093946261,-65.86131722110512,69.17885366043723,-43.59269572493089,315.1774045582867
7427.0,1974120206.0,17.10991130909642,12.0,151.3872093946261,-72.53756875496818,249.06127965742735,-16.237876438920793,315.1774045582867
7427.0,1974120212.0,15.827317537220958,10.0,175.31944474510186,-43.612560319197776,154.44045284588267,-15.769190578556916,333.5591252519341
7506.0,1975081312.0,9.424324425333067,25.0,83.84716432679616,-208.20283617301612,243.48262747684853,-40.533866663862646,333.5591252519341
7506.0,1975081318.0,11.25053918853955,22.0,92.93511238619287,-208.39510446626485,218.52671272089327,-43.64052520189583,26.456998028568698
7506.0,1975081400.0,9.87396791071856,20.0,100.3462021112321,-202.47698023730626,207.92934695437305,-44.238853781688114,26.456998028568698
7506.0,1975081406.0,26.044034734603244,20.0,100.3462021112321,-201.83409066291156,204.71057397540704,-44.594613783368395,38.55584505622259
7506.0,1975081418.0,6.265096195015146,16.0,120.0918404217308,130.8185470201497,254.78466342111378,27.178117704728205,38.55584505622259
7506.0,1975081500.0,40.92209483912097,16.0,120.0918404217308,-156.34917751831102,287.98702745025037,-28.497691980980395,58.96278450362468
7506.0,1975081512.0,17.838553457179742,15.0,126.49595057933435,-71.8472869878794,156.52256456052635,-24.65615994734894,58.96278450362468
7506.0,1975081518.0,18.991891475834827,15.0,126.49595057933435,-255.99809593258016,256.6098688450659,-44.93162027968248,44.910948298899555
7511.0,1975092306.0,19.497264857097687,30.0,72.40148542303059,155.63956838243172,265.3336918230163,30.39505451069293,44.910948298899555
7511.0,1975092312.0,20.110930768079715,22.0,92.93511238619287,72.87978857455137,188.36862795784447,21.151445185883112,18.386566873538367
7511.0,1975092318.0,8.784112493290891,15.0,126.49595057933435,84.09022126721831,91.28436081649136,42.650954586958434,18.386566873538367
7511.0,1975092400.0,13.932286023954575,10.0,175.31944474510186,27.69468309980746,124.0143226322185,12.588645881083114,333.4934251735782
7513.0,1975100600.0,27.87161414776169,22.0,92.93511238619287,-247.4008103020963,252.30381392916573,-44.43784310418669,333.4934251735782
7514.0,1975101312.0,17.613499517780156,50.0,47.99093740128585,-53.316420485757334,219.90417535222875,-13.628549468938887,288.4677110952233
7514.0,1975101318.0,15.59153345334469,45.0,52.23889874427604,-63.41994160105177,121.03610344522835,-27.653432953090416,288.4677110952233
7514.0,1975101400.0,17.195083668445044,45.0,52.23889874427604,66.71693878363266,66.71695598673533,44.99999261308246,288.4658596875681
7514.0,1975101406.0,20.709920387301818,40.0,57.43436099052307,71.64071155187555,122.67887293367099,30.28362226589506,288.4658596875681
7514.0,1975101412.0,12.646567296628765,40.0,57.43436099052307,124.81667320119445,233.13716902274115,28.163647766480505,224.91710707154877
7607.0,1976062706.0,8.888844582039463,25.0,83.84716432679616,-269.78039283113674,275.9177135790147,-44.35563684927518,224.91710707154877
7607.0,1976062712.0,38.088527939366365,25.0,83.84716432679616,-185.60763181340138,289.7493406573542,-32.642811912294654,153.50385279477413
7614.0,1976080600.0,11.569523684182592,32.0,68.73601561075849,263.0608901735687,268.3530170318775,44.42943437035589,153.50385279477413
7614.0,1976080606.0,10.614932903523963,30.0,72.40148542303059,257.91471843909994,258.5859836040787,44.925536133675855,116.64270497634391
7616.0,1976082312.0,21.665296118617174,20.0,100.3462021112321,-7.85090939677467,253.1935442427977,-1.7760322226831877,116.64270497634391
7616.0,1976082318.0,25.264203823988627,25.0,83.84716432679616,-15.325637030020626,123.3676161067831,-7.081425987604739,108.50166736661473
7616.0,1976082400.0,22.90284167623226,25.0,83.84716432679616,3.1450274809853216,32.753308007522214,5.484820960050158,108.50166736661473
7616.0,1976082406.0,19.39661539084351,17.0,114.3717338112809,36.67369367795717,170.04905022797792,12.17031446030821,89.9838903027265
7619.0,1976091800.0,7.890646852588062,30.0,72.40148542303059,268.1586291941528,289.8491609657965,42.773954814827704,89.9838903027265
7619.0,1976091806.0,11.821224575307106,35.0,63.95217374784219,267.3411375764714,274.009898276804,44.2942240957776,63.37935451338365
7619.0,1976091812.0,11.409909929688105,35.0,63.95217374784219,261.15668155824864,264.47615613822296,44.638170712211824,63.37935451338365
7619.0,1976091818.0,11.392456259191142,35.0,63.95217374784219,256.557580426852,258.0665594443665,44.831998006704914,172.90406729273457
7619.0,1976091900.0,5.069102464409674,35.0,63.95217374784219,67.71663904051526,269.1570611256445,14.12183547714817,172.90406729273457
7701.0,1977061518.0,14.925645780534978,30.0,72.40148542303059,-244.9730178053712,263.28465934762676,-42.93662502493061,350.5675844857192
7701.0,1977061600.0,23.266684614000223,25.0,83.84716432679616,-238.05273119293585,240.76188994340842,-44.6758208726407,350.5675844857192
7712.0,1977092406.0,27.56878707362984,30.0,72.40148542303059,267.971503528594,281.0604383545571,43.63432591144461,7.109634152822688
7712.0,1977092412.0,35.50002023625919,30.0,72.40148542303059,227.90928301570332,273.28987770642976,39.82631645452081,7.109634152822688
7807.0,1978072506.0,9.427331672068487,22.0,92.93511238619287,-25.964811217511887,245.50339958266744,-6.037245270951999,14.01831825160107
7807.0,1978072512.0,11.644769309140955,25.0,83.84716432679616,-49.019127145676514,189.31366275795227,-14.516816502841252,14.01831825160107
7807.0,1978072518.0,10.989668680620243,25.0,83.84716432679616,119.4584474819158,122.74843974286217,44.22177655157966,237.7864949544562
7807.0,1978072600.0,5.4931634737240165,30.0,72.40148542303059,68.39470289106448,123.36761610678158,29.003878217396135,18.38113908527434
7807.0,1978072606.0,8.82130062035811,35.0,63.95217374784219,84.07749409151127,151.63475359890535,29.007219111662607,18.38113908527434
7807.0,1978072612.0,5.4998449108886085,40.0,57.43436099052307,60.155577149751345,197.21090712965906,16.963367273510304,40.54538576425232
7807.0,1978072618.0,6.906620663044566,50.0,47.99093740128585,126.94802644943516,228.66901448354713,29.037308849684628,40.54538576425232
7807.0,1978072700.0,11.563986017736108,50.0,47.99093740128585,259.35630178466204,263.28465934762454,44.569352410147026,35.50095991311328
7807.0,1978072906.0,18.960018813412375,30.0,72.40148542303059,9.778369380534611,265.2099963173741,2.111555503568873,35.50095991311328
7807.0,1978072912.0,11.639862490682487,30.0,72.40148542303059,-67.81416862083938,151.63475359890535,-24.095171681238128,53.96771366300659
7807.0,1978072918.0,11.635553311412906,25.0,83.84716432679616,-66.15647809416177,93.55212564990472,-35.266486507442515,53.96771366300659
7807.0,1978073000.0,10.42051861641526,25.0,83.84716432679616,-30.704658966641897,65.48553019069627,-25.12080034844794,172.6780101735364
7807.0,1978073006.0,13.176278062060293,20.0,100.3462021112321,-30.656705845985805,33.358477993367664,-42.58325578233393,172.6780101735364
7807.0,1978073012.0,16.466354299879132,17.0,114.3717338112809,-14.75788363387771,97.97850072341181,-8.56571105227076,266.53534194430114
7807.0,1978073018.0,23.761261149131958,15.0,126.49595057933435,192.20404912904087,196.2510151898416,44.40310808638233,266.53534194430114
7807.0,1978073100.0,17.737464038732263,12.0,151.3872093946261,227.907816359164,228.15877044119827,44.96847256800412,164.84503672742701
7820.0,1978101618.0,9.389878251236139,12.0,151.3872093946261,18.989360385517717,290.38890694830303,3.7414077728969097,164.84503672742701
7820.0,1978101700.0,56.49826035067151,10.0,175.31944474510186,175.72681358164434,234.26268248752112,36.87456224411143,74.48391539928441
7905.0,1979070500.0,24.396530852319984,30.0,72.40148542303059,-233.58371828840504,265.6303765992747,-41.32698209822355,74.48391539928441
7905.0,1979070506.0,19.45111301537309,30.0,72.40148542303059,237.1423629460681,237.14988729336596,44.99909103860857,262.78897856155555
7908.0,1979080118.0,30.136841912377307,85.0,31.30746122196499,-3.9239042650563887,298.6820740128125,-0.7526739645228288,51.20722859572101
7908.0,1979080200.0,39.81234390644022,70.0,36.603799205979946,-16.18787635202135,117.94136772022017,-7.8152198731580595,51.20722859572101
7908.0,1979080206.0,56.90344255789348,55.0,44.44655669143675,-14.531097783250633,123.2765302388745,-6.722661755703847,354.8234863162771
7907.0,1979072900.0,18.778999322113503,30.0,72.40148542303059,41.651494776063416,219.9626115687509,10.72241402622494,354.8234863162771
7907.0,1979072906.0,19.15482990552363,30.0,72.40148542303059,22.324970693988703,111.80858812914053,11.291824800778468,71.51784398972222
7907.0,1979072912.0,17.20323850255776,20.0,100.3462021112321,22.905731135186073,24.493987946246396,43.08086673713205,108.50710371210974
7907.0,1979072918.0,16.355523986453367,15.0,126.49595057933435,25.914206994375952,113.50857633565204,12.8603166145267,146.4180855605383
7913.0,1979092200.0,9.063253101708229,12.0,151.3872093946261,-69.92537371937075,286.26724777612503,-13.726623703857118,232.99530014246616
7913.0,1979092206.0,8.183767273152036,12.0,151.3872093946261,-29.321295099903974,233.8828164524947,-7.14574552319988,243.2974370505804
7913.0,1979092212.0,13.322551457836207,14.0,133.7202001013979,-140.70668399081393,185.2589222910842,-37.21716715928973,236.15799016243415
7913.0,1979092218.0,16.49949535748406,15.0,126.49595057933435,143.91424612115472,146.01960722441217,44.58395273952594,236.15799016243415
7913.0,1979092300.0,10.251174567796758,15.0,126.49595057933435,152.17169050219573,158.82422391421346,43.77456921846971,243.28712512749132
7913.0,1979092306.0,4.085931843212512,15.0,126.49595057933435,182.0111984318633,182.23846114448781,44.96425201165703,243.28712512749132
7913.0,1979092312.0,11.703720669138278,15.0,126.49595057933435,125.15188891553836,183.57596272889282,34.28399197264922,270.0266537385531
7913.0,1979092318.0,9.345751206157669,10.0,175.31944474510186,69.3629629419181,237.49215055230263,16.28119550626461,270.0266537385531
8004.0,1980052306.0,22.871817718210405,25.0,83.84716432679616,61.74884815629504,215.28194392382926,16.004363578222865,277.12235884141205
8004.0,1980052312.0,13.072239832346282,25.0,83.84716432679616,-67.45356053814056,91.31110273872748,-36.4541139235071,277.12235884141205
8004.0,1980052318.0,25.040566328274945,25.0,83.84716432679616,-65.55044102767427,65.56936306889413,-44.991731583938716,270.0314637460838
8004.0,1980052400.0,22.504119605297632,22.0,92.93511238619287,-25.348297811272676,159.46521323731622,-9.032064768478019,270.0314637460838
8004.0,1980052406.0,46.82979346173244,22.0,92.93511238619287,-241.8524992506208,293.68958279066055,-39.471354287952515,125.21352950237781
8006.0,1980071100.0,12.692273417979706,25.0,83.84716432679616,86.55291270207256,255.92981826209228,18.685024226703987,125.21352950237781
8006.0,1980071106.0,18.740796975005434,25.0,83.84716432679616,152.09790299917597,186.37899302690752,39.21677849633636,307.02825118853576
8006.0,1980071112.0,16.284172113833616,27.0,78.81016856002348,144.0516565901185,154.28167928537277,43.03606409000605,307.02825118853576
8006.0,1980071118.0,13.971004388337287,25.0,83.84716432679616,141.74211230921856,157.03063071740047,42.07066915560335,315.1554051464915
8009.0,1980072618.0,18.053515575580096,22.0,92.93511238619287,63.78138640947488,238.0460536059954,14.999357413705445,315.1554051464915
8009.0,1980072700.0,17.13236453006767,22.0,92.93511238619287,45.09563024079212,136.11418949113025,18.330412691240703,315.140102548675
8009.0,1980072706.0,17.02486339389152,22.0,92.93511238619287,50.1422499563834,51.36533455391034,44.30966543338323,315.140102548675
8009.0,1980072712.0,41.72205525733306,17.0,114.3717338112809,104.67461369235598,104.6836093667321,44.997538123089804,315.1255943110213
8015.0,1980091818.0,21.268216554293804,50.0,47.99093740128585,249.81376674490514,278.9967351478413,41.841275672644066,315.1255943110213
8015.0,1980091900.0,24.264171469288513,30.0,72.40148542303059,224.8747159370011,258.29605450580084,41.043104255979955,296.6376839677773
8106.0,1981070600.0,14.987856245681963,30.0,72.40148542303059,286.19283663891173,287.29494287220257,44.8898913625319,296.6376839677773
8106.0,1981070606.0,14.10234453438335,30.0,72.40148542303059,278.4185922520617,289.74934065735283,43.85752436763078,122.21180801603396
8106.0,1981070612.0,11.38804585766035,30.0,72.40148542303059,266.13441281455954,272.66053452563074,44.30604221876924,122.21180801603396
8106.0,1981070618.0,48.31169749141691,30.0,72.40148542303059,-211.18804553202645,290.38890694830303,-36.02687179317155,315.145115108727
8107.0,1981072106.0,20.309642846263433,12.0,151.3872093946261,210.37790896974317,226.06054561758143,42.94206388728281,315.145115108727
8111.0,1981080706.0,8.87230486199678,15.0,126.49595057933435,-242.03790910450633,295.6574959646666,-39.30522786307385,284.0867755860319
8111.0,1981080712.0,11.815283034002775,15.0,126.49595057933435,-266.9780035208408,271.17586480475524,-44.553074184658335,284.0867755860319
8111.0,1981080718.0,26.988472465376844,12.0,151.3872093946261,-267.7730293112671,272.2005672979846,-44.53021118638365,251.45919041233742
8116.0,1981092106.0,16.423354615461225,50.0,47.99093740128585,31.440596663682573,281.85190154062735,6.365033787209403,251.45919041233742
8116.0,1981092112.0,21.6106789836653,50.0,47.99093740128585,55.19733790995045,184.15495395191843,16.685214387903184,243.29972832756587
8116.0,1981092118.0,26.37364716843737,50.0,47.99093740128585,48.369014823068426,71.91143629501202,33.92553545559132,243.29972832756587
8116.0,1981092200.0,17.58028112777721,25.0,83.84716432679616,46.7443690284333,118.49264899516977,21.528823840785165,88.76878670570088
8116.0,1981092206.0,13.005564171383638,15.0,126.49595057933435,3.248400914326175,219.86806868367626,0.8464445216971771,339.51673751813354
8205.0,1982062518.0,27.927269325366854,9.0,190.8380043790661,272.39970214940314,296.67246993777496,42.557630197932546,339.51673751813354
8205.0,1982063006.0,12.23998595219453,20.0,100.3462021112321,115.1505382447323,266.90165055120934,23.3370262747929,341.61736433289946
8205.0,1982063012.0,11.75437859865471,16.0,120.0918404217308,57.30573553819526,204.380654662241,15.662820633212515,341.61736433289946
8205.0,1982063018.0,10.251174567796573,15.0,126.49595057933435,48.169102553599345,138.44401027242657,19.184421717023103,315.0718845171698
8205.0,1982070100.0,9.362474782898051,15.0,126.49595057933435,59.221044581158736,83.74422870280307,35.26663945513233,315.0718845171698
8205.0,1982070106.0,12.02810591668314,15.0,126.49595057933435,-55.07484931929422,59.28521805124689,-42.89150657188099,255.9113996380897
8205.0,1982070112.0,12.174224256366303,14.0,133.7202001013979,-38.5473645674654,108.02847634949555,-19.637719417258463,255.9113996380897
8205.0,1982070118.0,38.943543126924176,14.0,133.7202001013979,-177.6759159430527,177.71977981588094,-44.99292840402013,233.03083518602506
8212.0,1982081512.0,30.542379594885784,15.0,126.49595057933435,160.01083711928538,281.93134616249426,29.57718521540084,233.03083518602506
8212.0,1982081600.0,26.986321419745057,10.0,175.31944474510186,174.43875277685643,174.43877142210567,44.99999693791083,213.59011640795407
8304.0,1983072506.0,26.2728851237536,60.0,41.4398648134883,264.7490066357063,297.8823392857895,41.629746771538734,213.59011640795407
8309.0,1983090800.0,16.69091140607208,45.0,52.23889874427604,-134.37255116736577,274.36219575375736,-26.093919669485864,224.88118794543254
8309.0,1983090806.0,17.245848147550102,45.0,52.23889874427604,-154.06429167514867,193.49856053813275,-38.52693713408672,198.3576870964539
8309.0,1983090812.0,15.219995142449676,45.0,52.23889874427604,148.51512163985439,153.48754985531244,44.05671890616171,180.0
8309.0,1983090818.0,12.704078873241434,45.0,52.23889874427604,140.69118818155377,152.30617246799915,42.72987270738157,301.32381996609627
8309.0,1983090900.0,15.544529597941851,40.0,57.43436099052307,175.3201273989794,190.4465083652862,42.63186652582461,66.01332220276039
8309.0,1983090906.0,15.212356595537292,25.0,83.84716432679616,221.71019541970225,238.36659031193327,42.92659717549619,66.01332220276039
8402.0,1984062406.0,24.439296160587045,30.0,72.40148542303059,-134.95375960619015,243.38589097692096,-29.007699155308757,77.47376230907135
8402.0,1984062412.0,24.25222298588353,30.0,72.40148542303059,-136.33030357226926,151.7233333649692,-41.94113369391712,77.47376230907135
8402.0,1984062418.0,22.545588485799566,35.0,63.95217374784219,135.94526400680195,161.60029417332106,40.07202016885207,73.30077932495087
8402.0,1984062500.0,18.798387886575053,38.0,59.8555314566313,257.1203752161315,258.5859836040787,44.83716906425635,241.54327742606037
8404.0,1984070812.0,25.06838305524936,25.0,83.84716432679616,229.60123093413907,299.22349969007865,37.499875162976416,11.27745454959097
8408.0,1984082018.0,12.715787854749244,25.0,83.84716432679616,-23.56476108642423,225.24181492547723,-5.972547668392927,11.27745454959097
8408.0,1984082100.0,21.192858230319825,22.0,92.93511238619287,-84.25713535192787,149.54376979908497,-29.398124735089166,9.441945217242262
8408.0,1984082106.0,22.795519551047988,20.0,100.3462021112321,-84.44636909807971,84.4660071467015,-44.99333869238095,9.441945217242262
8408.0,1984082112.0,60.08700870573023,14.0,133.7202001013979,-95.82599603784986,167.10496340602361,-29.83202614531523,21.769366242214716
8411.0,1984083006.0,15.178309590048562,30.0,72.40148542303059,67.194331227146,239.80227333792666,15.653256172606707,21.769366242214716
8411.0,1984083012.0,19.069865092729255,30.0,72.40148542303059,75.37186199798529,154.43520089910263,26.014618390666456,33.680158007081204
8411.0,1984083018.0,16.31036265499606,30.0,72.40148542303059,71.12775189918362,79.20088283185828,41.92598537619781,33.680158007081204
8411.0,1984083100.0,17.548134294853188,20.0,100.3462021112321,80.04484469000036,100.07543398010264,38.65439590632674,0.0
8411.0,1984083106.0,15.477632344245912,20.0,100.3462021112321,24.301001711673948,185.73960569169648,7.453881313842677,303.69982208390917
8504.0,1985062306.0,15.955118775936372,45.0,52.23889874427604,-76.92188462736121,205.4003814110014,-20.530788574813112,303.69982208390917
8504.0,1985062312.0,10.976218293136222,45.0,52.23889874427604,-68.47184038055538,123.3676161067831,-29.031273621718675,117.70656632391618
8504.0,1985062318.0,6.536766005549083,40.0,57.43436099052307,-33.80240715081271,78.51482381312208,-23.29297096851105,117.70656632391618
8504.0,1985062400.0,14.92452576592739,40.0,57.43436099052307,16.443717542070832,45.65226545990607,19.808766326615213,60.94050721848567
8504.0,1985062406.0,5.815392461107357,35.0,63.95217374784219,6.901509125940319,48.98169271988862,8.020166014359358,60.94050721848567
8504.0,1985062412.0,14.644828187232347,30.0,72.40148542303059,9.584504739036344,83.6868120872611,6.533518893869,138.8651188725086
8504.0,1985062418.0,12.221266619108869,25.0,83.84716432679616,0.1402603201656598,171.32406962217354,0.04690714270876779,138.8651188725086
8504.0,1985062500.0,12.517027099258497,22.0,92.93511238619287,-232.00628880222158,244.65062046258868,-43.48046474575298,285.2460998222042
8516.0,1985091712.0,13.943627736265709,10.0,175.31944474510186,276.7016819896601,289.2583131483456,43.729019779034935,285.2460998222042
8604.0,1986052318.0,13.387740360667737,15.0,126.49595057933435,-276.5891325412123,282.7743914690642,-44.366467827031634,249.9602445730512
8604.0,1986052400.0,21.24854466301503,15.0,126.49595057933435,-236.2322392052156,274.36219575375736,-40.7292171104831,249.9602445730512
8607.0,1986071018.0,20.214290887026767,34.0,65.46204349166737,16.893249729277375,228.66901448354923,4.22513208269488,306.9008214921537
8607.0,1986071100.0,16.55458208110689,34.0,65.46204349166737,37.592085092529175,108.02847634949555,19.187033374126774,306.9008214921537
8607.0,1986071106.0,17.19082869925086,32.0,68.73601561075849,24.139912359941427,37.987089615669234,32.43500966431883,336.81677230084864
8607.0,1986071112.0,13.176278062060293,30.0,72.40148542303059,0.07450969057724863,79.20088283185592,0.05390204491179507,336.81677230084864
8607.0,1986071118.0,17.898464003452737,25.0,83.84716432679616,15.931761494317799,158.25793614244157,5.748575428118248,351.8728685266505
8607.0,1986071200.0,58.08889203141908,20.0,100.3462021112321,217.81419064097315,265.2119821466499,39.39569275293604,221.9200508025346
8616.0,1986082006.0,17.755613186705006,35.0,63.95217374784219,14.840225861588717,290.0535084635678,2.928913151761534,23.187637213617997
8616.0,1986082012.0,15.219995142449504,40.0,57.43436099052307,45.0823607925497,183.80236813957654,13.781232943802006,23.187637213617997
8616.0,1986082018.0,19.047224732092612,40.0,57.43436099052307,48.649351908590766,98.03770047849657,26.392035327335925,127.27649901803551
8616.0,1986082100.0,20.240230901831225,40.0,57.43436099052307,-37.35025756140195,56.00691178946296,-33.69878957964706,281.30750653359325
8616.0,1986082106.0,20.18913353666014,45.0,52.23889874427604,-36.68628552091289,165.74787079936686,-12.480515075815898,281.30750653359325
8621.0,1986101700.0,9.458362014594174,35.0,63.95217374784219,277.93487668893374,282.7743914690637,44.5054890253973,276.32449537908974
8621.0,1986101706.0,11.58046129371609,35.0,63.95217374784219,243.56896009662339,275.9177135790137,41.43675759358087,276.32449537908974
8621.0,1986101712.0,6.383649233695535,35.0,63.95217374784219,246.3894135168276,246.99727140489153,44.92941099755408,270.0411455544278
8621.0,1986101718.0,5.513032550543266,35.0,63.95217374784219,220.31762980105543,249.99419519926374,41.38943664468317,270.0411455544278
8621.0,1986101800.0,7.162223750373902,35.0,63.95217374784219,206.2077437083507,265.48378248312065,37.83736082431904,274.73040868252787
8621.0,1986101806.0,45.80510366562033,35.0,63.95217374784219,218.13793716406525,292.6169900306691,36.70351855528039,274.73040868252787
8625.0,1986111600.0,32.20874234449567,23.0,89.66835004458707,-230.36744423294223,244.8477717383534,-43.254674955130675,224.875432113618
8719.0,1987102706.0,15.5713904961319,10.0,175.31944474510186,-159.81464414650156,249.75180126727975,-32.614928606787075,224.875432113618
8721.0,1987112812.0,19.511563714870633,40.0,57.43436099052307,282.8676967131898,294.39825934342105,43.85570121320931,109.62962984615724
8721.0,1987112818.0,44.839254091568115,25.0,83.84716432679616,265.5694956838885,289.2925758053614,42.551814897304176,78.64944159448916
8804.0,1988062906.0,22.504404487278048,15.0,126.49595057933435,275.8974503268534,298.75159272584165,42.72251221852439,78.64944159448916
8805.0,1988071900.0,24.515473819086882,40.0,57.43436099052307,95.01298831356011,212.25458788197213,24.11505124532749,285.91738300415807
8805.0,1988071906.0,22.673503343180187,40.0,57.43436099052307,72.6328279160349,102.73052588961878,35.26118314460525,285.91738300415807
8805.0,1988071912.0,23.999516152004862,35.0,63.95217374784219,75.11203857490806,100.59787840255728,36.74708919232547,166.04080712541537
8817.0,1988092112.0,17.68792121101492,40.0,57.43436099052307,66.73919290818876,196.43614731283108,18.765195667158483,166.05119516981054
8817.0,1988092118.0,16.536104152882253,40.0,57.43436099052307,71.48447838428017,103.36741796726781,34.66607388380375,292.6758281793869
8817.0,1988092200.0,11.248817287412392,25.0,83.84716432679616,53.47540188364374,78.30926554380947,34.328173163539624,321.461774645634
8817.0,1988092206.0,55.82028115110759,12.0,151.3872093946261,21.643445681684337,136.91622872268874,8.982871968891956,321.461774645634
8819.0,1988092306.0,18.051717438998548,20.0,100.3462021112321,-18.947890118693877,200.74283890087293,-5.392108633223674,329.12930379678534
8819.0,1988092312.0,9.882564368350108,15.0,126.49595057933435,-22.148542663649394,93.32808225000387,-13.350410253985538,329.12930379678534
8819.0,1988092318.0,9.422986887386653,15.0,126.49595057933435,35.137745499247906,38.02322502606906,42.74141656857957,103.55963140739202
8903.0,1989052000.0,17.768847601773132,40.0,57.43436099052307,235.1134949083593,241.0928585446273,44.28061796012379,318.4573975222718
8903.0,1989052006.0,14.178752981440324,40.0,57.43436099052307,219.47747621955634,234.59809786549295,43.0927672790154,318.4573975222718
8903.0,1989052012.0,37.22968780143977,40.0,57.43436099052307,220.08970086461733,271.2657096333054,39.05392673046738,315.04874485087373
8908.0,1989071712.0,21.20736283390008,50.0,47.99093740128585,238.91189038532602,241.62343516094202,44.676697186553845,315.04874485087373
8908.0,1989071718.0,33.024633518639355,50.0,47.99093740128585,232.93368583962814,249.99419519926374,42.97673962777927,282.9788782267133
8926.0,1989093012.0,5.538703799333436,10.0,175.31944474510186,253.03548699955388,266.86782394694063,43.4759712238132,282.9788782267133
8926.0,1989093018.0,8.910893312003019,10.0,175.31944474510186,183.7892326948545,257.62825102199093,35.50365349057933,296.576213912315
8926.0,1989100100.0,8.9051525810929,15.0,126.49595057933435,267.00036199422993,298.0732357147918,41.852528042622,296.576213912315
9003.0,1990051806.0,33.3889882471321,40.0,57.43436099052307,223.7079586877588,278.75877353296505,38.747548386333,145.75758730465427
9003.0,1990051812.0,25.91878171788665,35.0,63.95217374784219,-213.56693445750824,220.7355870441486,-44.05435446027219,296.69552083625535
9006.0,1990062812.0,14.679876769543094,50.0,47.99093740128585,202.4044243836574,292.03910128967357,34.724785877400834,296.69552083625535
9006.0,1990062818.0,11.633363544836868,50.0,47.99093740128585,221.18284272642111,236.6250152047916,43.06810658470965,296.67373217664147
9006.0,1990062900.0,9.421390564099662,50.0,47.99093740128585,222.2375713610311,222.40113302927728,44.9789235782549,296.67373217664147
9006.0,1990062906.0,13.408348840752273,45.0,52.23889874427604,-171.46727291310685,232.9562014954917,-36.35490424831612,308.7880115417121
9009.0,1990073006.0,20.45916821246064,30.0,72.40148542303059,22.092162976567362,248.10858526064266,5.08832953769952,308.7880115417121
9009.0,1990073012.0,18.61208507969241,40.0,57.43436099052307,20.87511360832227,126.16686369603228,9.394839318370174,308.7698363782435
9009.0,1990073018.0,23.81853816625835,40.0,57.43436099052307,15.265173514234126,23.368607524914598,33.153942727588316,308.7698363782435
9009.0,1990073100.0,26.83893884806099,30.0,72.40148542303059,28.534661345431395,126.10698173919425,12.749811844304137,224.8572585648406
9009.0,1990073106.0,25.292731947875254,25.0,83.84716432679616,-255.81981373931166,285.6268707937255,-41.849003758136995,224.8572585648406
9012.0,1990082300.0,17.482821995331687,12.0,151.3872093946261,170.59940387739235,260.768707376209,33.19340636931704,77.45821955595746
9012.0,1990082306.0,21.627465313315493,12.0,151.3872093946261,-181.4705120997006,191.49603777319302,-43.46023184279875,83.67433353324688
9018.0,1990090818.0,16.146625703217484,25.0,83.84716432679616,212.67205977739772,268.41303888199974,38.390888087428166,74.02363157215282
9018.0,1990090900.0,17.756571317720823,20.0,100.3462021112321,188.98482057896936,222.6234804643043,40.327889547208045,82.88275161029975
9018.0,1990090906.0,22.8080388189141,16.0,120.0918404217308,173.05634673067198,296.02882815162513,30.31025245600393,89.97374800509353
9018.0,1990091012.0,6.297209264247544,9.0,190.8380043790661,-38.67275388286894,196.3682018870159,-11.141251943321853,89.97374800509353
9018.0,1990091018.0,13.716909041533064,9.0,190.8380043790661,-103.8924931916951,159.46521323731454,-33.08447221290767,89.97374801039696
9018.0,1990091100.0,11.484847237714902,9.0,190.8380043790661,51.94974384167197,113.06352614789104,24.677548228081815,238.91075354202846
9018.0,1990091106.0,18.781002395414408,10.0,175.31944474510186,167.51279136623353,177.69897055072084,43.30986122535696,7.103377685297476
9018.0,1990091112.0,9.421850547830044,9.0,190.8380043790661,159.9791490773016,168.75154635944298,43.47138679560126,7.103377685297476
9107.0,1991071906.0,28.244128979841964,65.0,38.853919355861585,95.30153552188781,192.768918037275,26.306975279175195,18.40878007908648
9107.0,1991071912.0,25.17595681472268,40.0,57.43436099052307,95.24013451335205,102.1491803633491,42.99534425403484,18.40878007908648
9108.0,1991072306.0,28.657684682122184,35.0,63.95217374784219,-153.8230340720907,215.4368361338506,-35.52703617603912,293.89619867582496
9108.0,1991072312.0,14.885748546703345,35.0,63.95217374784219,156.8502195798446,157.2578538300325,44.925644353054565,174.2053782324342
9108.0,1991072318.0,18.051519226824023,35.0,63.95217374784219,164.6849489788232,182.19951306198044,42.109529978695036,296.6250637735051
9108.0,1991072400.0,55.668092541482416,30.0,72.40148542303059,198.82014529641648,243.14384625000375,39.27306744705478,296.6250637735051
9111.0,1991081418.0,16.625502469371487,35.0,63.95217374784219,274.17220238739776,289.10680927585275,43.481233100468266,101.47855596812566
9111.0,1991081500.0,12.719015368495453,40.0,57.43436099052307,271.0226307872624,272.20056729798375,44.87575883162719,101.47855596812566
9111.0,1991081506.0,33.49968321256228,40.0,57.43436099052307,252.43086374000063,286.2545396957305,41.407155115696675,348.74653442549
9116.0,1991090412.0,14.041372401740832,15.0,126.49595057933435,-260.42271926561835,268.67114388414194,-44.10684725343073,348.74653442549
9116.0,1991090418.0,8.888844582039463,20.0,100.3462021112321,260.905566290692,260.93688825281197,44.99656099993827,341.63508688554884
9116.0,1991090500.0,3.9384335827465633,20.0,100.3462021112321,265.41821779381627,265.6303765992737,44.97710980949603,341.63508688554884
9116.0,1991090506.0,3.936444035995528,25.0,83.84716432679616,146.4035379704526,264.47615613822296,28.967178825920076,288.4768436275393
9116.0,1991090512.0,8.87230486199678,25.0,83.84716432679616,193.63231103509946,245.27355330910098,38.28948614225349,288.4768436275393
9116.0,1991090518.0,13.099679163911757,25.0,83.84716432679616,70.33595957331855,217.50594586597902,17.919904431498438,251.48434324523106
9116.0,1991090600.0,15.221238236917925,25.0,83.84716432679616,24.182338469574603,144.92134600893735,9.473393031896244,251.48434324523106
9116.0,1991090606.0,11.636278049968864,30.0,72.40148542303059,-7.000404662962621,56.541955460656396,-7.057818786900338,258.62260570520453
9116.0,1991090612.0,12.65019905054963,30.0,72.40148542303059,2.9781077246818604,15.136139261972993,11.13103534382562,258.62260570520453
9116.0,1991090618.0,12.235903389531416,25.0,83.84716432679616,42.40360513794151,90.79376970676738,25.034084615116317,251.47837513668546
9116.0,1991090700.0,18.702870619415055,20.0,100.3462021112321,36.26923716572056,159.46521323731454,12.813539275222567,251.47837513668546
9119.0,1991092406.0,7.412995109637259,20.0,100.3462021112321,-267.2422677920293,267.42418959118356,-44.98050494706226,270.01854503937363
9119.0,1991092412.0,23.8537270432211,15.0,126.49595057933435,-267.61462936944963,273.29054696664554,-44.39879631039956,270.01854503937363
9119.0,1991093012.0,16.679238996683953,30.0,72.40148542303059,-223.66214505750034,287.80523488298286,-37.85185873609436,141.49161964869404
9119.0,1991093018.0,9.424324425333026,35.0,63.95217374784219,198.1475740865805,233.92294154579272,40.266716033917156,141.49161964869404
9119.0,1991100100.0,11.119492664455771,35.0,63.95217374784219,-206.09184264942766,208.36923262452106,-44.68517303930223,48.72320285369981
9119.0,1991100106.0,13.943627736265709,40.0,57.43436099052307,201.26040038156737,207.92934695437438,44.066279962742875,48.72320285369981
9119.0,1991100112.0,16.432184060272913,40.0,57.43436099052307,183.30358437786762,206.49524053864138,41.59511685352027,18.382635667100573
9119.0,1991100118.0,25.05652510710507,15.0,126.49595057933435,184.7135858021716,190.45586775729836,44.12310869349752,18.382635667100573
9206.0,1992071706.0,18.852330285588398,18.0,109.22843718657725,219.66565704903084,274.850004293635,38.63255211004903,18.39578633328949
9206.0,1992071712.0,5.0594518757697555,22.0,92.93511238619287,207.20868214644113,219.9041753522276,43.29744280023074,18.39578633328949
9206.0,1992071718.0,9.424103499590542,18.0,109.22843718657725,-199.69241977473217,229.8528996402938,-40.98357465532977,80.5367778861337
9206.0,1992071800.0,13.416129140586307,18.0,109.22843718657725,-192.3270326825593,206.80719332854517,-42.92228192990091,80.5367778861337
9212.0,1992081518.0,12.756005203230414,15.0,126.49595057933435,-226.01449160592946,226.08025469023295,-44.991665580760134,66.78147646587577
9212.0,1992081600.0,9.406037711706961,20.0,100.3462021112321,-56.693056894720186,235.38149762360501,-13.54210081510724,66.78147646587577
9212.0,1992081606.0,5.190469590589021,20.0,100.3462021112321,-158.4571086260933,290.24103734381896,-28.63233551116894,57.97595514092774
9212.0,1992081700.0,9.266243887046574,20.0,100.3462021112321,-212.35636795693358,265.4837824831217,-38.655773570416784,57.97595514092774
9212.0,1992081706.0,10.607985225648596,25.0,83.84716432679616,-233.59442150048912,234.26268248752223,-44.91816196055255,311.99244839694063
9212.0,1992081712.0,9.880869675207816,25.0,83.84716432679616,-239.78015996888618,243.1438462500063,-44.60092704347406,311.99244839694063
9212.0,1992081800.0,9.422534699992129,25.0,83.84716432679616,-251.93403886722655,256.8238080228904,-44.44933623940525,286.6909626200744
9212.0,1992081806.0,5.036024279340003,25.0,83.84716432679616,225.90029014481823,272.3451832902989,39.67445532430502,286.6909626200744
9212.0,1992081812.0,3.877104200919335,25.0,83.84716432679616,175.81551341882937,257.9443073930697,34.2784444986077,209.64099149488328
9212.0,1992081818.0,13.135858031934546,20.0,100.3462021112321,166.15570395149894,242.26617919788774,34.44386697808716,68.13923449225358
9212.0,1992081900.0,17.887743974179404,17.0,114.3717338112809,65.83598428338765,196.2510151898416,18.544967676356244,68.13923449225358
9212.0,1992081906.0,26.51157733544756,12.0,151.3872093946261,-18.406907320041814,102.64563479521011,-10.166496968157404,112.0448668845668
9215.0,1992090512.0,18.64985611891287,18.0,109.22843718657725,218.6932674645255,260.8556752311597,39.97541979052431,112.0448668845668
9215.0,1992090518.0,29.235923989114397,18.0,109.22843718657725,210.60856811965462,226.09891898853277,42.968526275993256,274.0334603953939
9215.0,1992090600.0,15.440097242682157,15.0,126.49595057933435,226.93329147704435,230.9629702338843,44.4957861753821,274.0334603953939
9302.0,1993062700.0,23.794471227664303,50.0,47.99093740128585,272.0800833288495,278.75877353296505,44.305346732198046,280.3036833424143
9315.0,1993091300.0,7.808907280527186,60.0,41.4398648134883,74.60246932848686,295.87985479891125,14.151462365320537,280.3036833424143
9315.0,1993091306.0,6.343178889384595,65.0,38.853919355861585,103.48089256216872,250.8795365528573,22.414797617136678,74.55103980685374
9315.0,1993091312.0,10.210400840511022,65.0,38.853919355861585,93.89639020510457,217.03063294538248,23.395296667903153,283.2127179014613
9315.0,1993091318.0,16.50834100833735,60.0,41.4398648134883,96.04497322781373,164.68467542912632,30.250962938159475,283.2127179014613
9315.0,1993091400.0,19.53790108401475,45.0,52.23889874427604,83.5374089502268,105.7161072224288,38.31597108610168,277.3652246039143
9315.0,1993091406.0,23.20135840334046,20.0,100.3462021112321,74.08236917662568,104.68360936673135,35.28623261522769,277.3652246039143
9315.0,1993091412.0,9.234982441740856,10.0,175.31944474510186,89.52498267797004,226.4998193007397,21.566612820496843,83.18746848100797
9316.0,1993091618.0,29.37542407688953,30.0,72.40148542303059,187.9651283792044,195.96660467303494,43.80607820488853,83.18746848100797
9316.0,1993091700.0,26.64158780607322,35.0,63.95217374784219,202.79011168549633,215.00936337679403,43.32476564235699,270.0356869527744
9403.0,1994060306.0,8.888844582039463,12.0,151.3872093946261,265.4079365152953,284.33608273113697,43.028037403352585,270.0356869527744
9403.0,1994060312.0,8.894306353982389,12.0,151.3872093946261,268.12868760247017,272.20056729798375,44.56823158682572,259.63637002614183
9403.0,1994060318.0,7.890646852588062,12.0,151.3872093946261,257.8477442496805,270.065400528519,43.67422281960202,259.63637002614183
9424.0,1994091112.0,22.912107681229983,20.0,100.3462021112321,-257.13212745795926,269.8330886026458,-43.61931948350892,264.24128676337386
9424.0,1994091118.0,36.91993110148807,20.0,100.3462021112321,204.97337386907975,267.6707995036494,37.44368820729068,264.24128676337386
9504.0,1995073018.0,24.33626020654441,30.0,72.40148542303059,138.2647564410151,204.3343982577466,34.084609726670365,288.4434796213555
9504.0,1995073100.0,29.700714887979796,30.0,72.40148542303059,-132.65014424065086,133.96343839791376,-44.71777280381871,288.4434796213555
9505.0,1995081106.0,15.715100935115151,30.0,72.40148542303059,117.91953822542148,278.75877353296505,22.92916006071791,133.26391128802524
9505.0,1995081112.0,12.269782670148386,30.0,72.40148542303059,133.2150091868973,195.96660467303494,34.20724791558652,323.28098619917654
9505.0,1995081118.0,20.385736551502465,30.0,72.40148542303059,-86.65964606699674,147.53978587406723,-30.42846780519212,323.28098619917654
9505.0,1995081200.0,17.02486339389152,30.0,72.40148542303059,80.2420467074588,82.1844757080256,44.31484293896271,333.54692791286266
9505.0,1995081206.0,12.972741441865262,20.0,100.3462021112321,-106.27151322604493,143.17512947897222,-36.58459333671621,333.54692791286266
9505.0,1995081212.0,19.720065609635103,15.0,126.49595057933435,-165.392146589958,205.1374649643271,-38.87750741943056,293.26268304938645
9509.0,1995083018.0,26.50157610168549,60.0,41.4398648134883,34.40176269978367,292.03910128967357,6.71839410122115,293.26268304938645
9509.0,1995083100.0,28.379904369571307,55.0,44.44655669143675,12.494482632312613,135.4834349379377,5.268997944502917,288.46617994561916
9509.0,1995083106.0,31.059031018237008,50.0,47.99093740128585,9.411544028684448,37.98708961566712,13.915191859580034,288.46617994561916
9509.0,1995083112.0,58.0957525759192,25.0,83.84716432679616,88.21634542788313,223.33836220528025,21.55350781163787,301.0372154963729
9610.0,1996080606.0,45.68151934411395,20.0,100.3462021112321,-108.74719006264628,169.6455364269708,-32.66092500819601,301.0372154963729
9610.0,1996080612.0,56.50581794988678,17.0,114.3717338112809,-111.00076076610966,172.28627878299034,-32.79291050169461,333.50859711049253
9615.0,1996090812.0,35.1486183530925,75.0,34.626274653077736,-227.5608082543534,234.42478201151548,-44.14878775247083,333.50859711049253
9615.0,1996090818.0,10.157018783426748,75.0,34.626274653077736,273.2879947035727,273.28987770642976,44.99980261162779,296.6113189235857
9710.0,1997080200.0,15.226008243814476,35.0,63.95217374784219,205.92450696416398,284.33608273113697,35.9131551508822,296.6113189235857
9710.0,1997080206.0,22.50403910139607,42.0,55.22228941850776,-143.90582702765718,226.97817281767277,-32.37499722537396,248.12054387546198
9710.0,1997080212.0,26.827734496859463,40.0,57.43436099052307,144.27694248355127,145.6341416392776,44.7317756381969,248.12054387546198
9810.0,1998102512.0,6.556483256015917,35.0,63.95217374784219,-177.9670803508592,259.0809794637404,-34.48582703680312,106.02271909079884
9810.0,1998102518.0,5.823929505957519,35.0,63.95217374784219,-132.46875694191,230.8894283762561,-29.84429203926587,31.951363702534245
9810.0,1998102600.0,18.7824088847179,35.0,63.95217374784219,-157.9755428596074,202.40097118036493,-37.97231677788649,101.35367293503874
9810.0,1998102606.0,16.56825753596678,35.0,63.95217374784219,-151.23116115284236,152.3061724680002,-44.797081456071915,126.95723357592586
9810.0,1998102612.0,14.663754954023537,35.0,63.95217374784219,-165.7293048646251,185.3148199097321,-41.80665450880273,170.04505763682937
9810.0,1998102618.0,11.49707577940194,30.0,72.40148542303059,-138.28145173539482,235.17271870730755,-30.455508828196457,28.529844937475445
9902.0,1999043018.0,8.188561649359137,40.0,57.43436099052307,113.79763114348962,278.18038143218064,22.248417767355868,28.529844937475445
9902.0,1999050100.0,5.824268481707061,35.0,63.95217374784219,-84.00705346831099,233.73854111367086,-19.7687458780497,33.62039203273046
9902.0,1999050106.0,8.882660723370828,30.0,72.40148542303059,-146.404505155354,201.21597432542475,-36.03959160236966,33.62039203273046
9902.0,1999050112.0,6.375177641256794,25.0,83.84716432679616,150.77006963298234,168.06643512544306,41.894840147042714,17.082907344437185
9902.0,1999050118.0,5.065911915158128,25.0,83.84716432679616,140.0845519823384,153.48754985531244,42.38598347967399,17.082907344437185
9902.0,1999050200.0,9.424982361639545,20.0,100.3462021112321,98.10288492973993,142.03013915540524,34.63356622420307,51.33474873608809
9902.0,1999050206.0,9.266243887046574,15.0,126.49595057933435,-84.73816215495997,105.99288373065286,-38.64129750211709,51.33474873608809
9902.0,1999050212.0,9.016546505473034,10.0,175.31944474510186,-59.75140539214844,82.96268626629853,-35.76219679973537,170.93747745230561
9903.0,1999060606.0,29.994984916232955,40.0,57.43436099052307,62.933886314697276,277.36917628807254,12.783725861082013,170.93747745230561
9903.0,1999060612.0,30.97430393920217,40.0,57.43436099052307,29.818857746922315,111.80858812914053,14.932964507767917,303.74855613169905
9903.0,1999060618.0,26.770418881208116,30.0,72.40148542303059,61.02286736247696,85.08270723357839,35.64877996339145,303.74855613169905
9903.0,1999060700.0,10.969449453001006,30.0,72.40148542303059,10.31550905169769,226.25640339349954,2.610428330967317,330.98361568612063
9903.0,1999060712.0,7.609809329135675,30.0,72.40148542303059,-251.7889751105883,292.0391012896723,-40.76710858959559,330.98361568612063
9903.0,1999060718.0,34.66629722072289,25.0,83.84716432679616,235.2575088888046,271.1531017111509,40.945519641661576,310.6237663523566
9905.0,1999072618.0,17.761664560505853,25.0,83.84716432679616,73.5620604313187,256.1183803166049,16.02507029866614,310.6237663523566
9905.0,1999072700.0,40.43533094093485,25.0,83.84716432679616,54.42654357226592,157.2578538300325,19.090606883348965,320.2103928440564
9905.0,1999072706.0,31.015934151491127,20.0,100.3462021112321,-65.99029086310588,107.90441751401217,-31.448390458965278,320.2103928440564
9905.0,1999072712.0,64.61686023361757,20.0,100.3462021112321,-115.48913549686534,278.23622070975955,-22.54215726709007,160.23163978841467
9908.0,1999082118.0,13.901918883163313,30.0,72.40148542303059,-91.75956165153355,174.60271276347513,-27.72342678410452,336.1118886172027
9908.0,1999082200.0,18.91165764489534,30.0,72.40148542303059,90.85227455909215,111.67184047132221,39.13058718284078,336.1118886172027
9908.0,1999082206.0,10.215570590543324,35.0,63.95217374784219,74.7726899452609,98.38516434028232,37.2348210787426,328.05470544717605
9908.0,1999082212.0,16.516641007553318,25.0,83.84716432679616,76.39941501674558,143.82247958728337,27.977524052924597,328.05470544717605
9908.0,1999082218.0,7.760912832652867,18.0,109.22843718657725,54.99129878271733,232.34378491806896,13.315776432852005,347.48954050711
9909.0,1999090312.0,19.069865092729255,15.0,126.49595057933435,106.37629929659552,193.40907292766659,28.811091504301945,347.48954050711
9909.0,1999090318.0,22.997057352789522,20.0,100.3462021112321,108.09951366323536,117.70630420899332,42.563850123740735,289.1414380406874
9909.0,1999090400.0,21.12234909228496,12.0,151.3872093946261,102.49949142250149,147.77151564804902,34.74652981036165,289.1414380406874
9910.0,1999091412.0,6.5540883745609735,25.0,83.84716432679616,-45.36444653469671,251.3980078985711,-10.228874194166174,98.95626138521115
9910.0,1999091418.0,6.550458340495393,25.0,83.84716432679616,-45.55037999530644,212.83142853495826,-12.08025124295611,311.6434429639421
9910.0,1999091500.0,9.406037711707366,30.0,72.40148542303059,-133.2350642996523,174.60271276347513,-37.34636806336073,311.6434429639421
9910.0,1999091506.0,6.544308519194889,30.0,72.40148542303059,79.96810259486497,144.5534046379255,28.95172035833555,282.07607571177107
9910.0,1999091512.0,5.06107671985045,30.0,72.40148542303059,93.95561612678785,113.09051523935825,39.71980722583217,282.07607571177107
9910.0,1999091518.0,14.136146076086872,30.0,72.40148542303059,97.87613141498477,98.03770047849657,44.95274849534124,191.00871025567469
9910.0,1999091600.0,12.15742239382942,30.0,72.40148542303059,57.31036677522875,121.59280119381368,25.235920563748895,290.6312930758692
9910.0,1999091606.0,6.340197521219579,35.0,63.95217374784219,128.69882769457547,188.0954342844456,34.380749640444805,290.6312930758692
9910.0,1999091612.0,18.024512932510746,30.0,72.40148542303059,178.78815107988967,216.09687368858292,39.60271835554044,320.323654513659
9913.0,1999092412.0,7.625838337734315,12.0,151.3872093946261,156.2713209215317,282.7743914690637,28.926621792544914,320.323654513659
9913.0,1999092418.0,14.926999749871854,15.0,126.49595057933435,8.183373374457604,245.5033995826672,1.9091353502293407,308.7655084507539
9913.0,1999092500.0,7.611426832332307,20.0,100.3462021112321,26.843074455114632,156.0148521574489,9.762420225157324,308.7655084507539
9913.0,1999092512.0,6.3579053234539495,15.0,126.49595057933435,83.18559000286251,100.07543398010264,39.734337319047995,17.732699852880433
9913.0,1999092518.0,11.716545281920384,12.0,151.3872093946261,83.59075096328638,83.74422870280307,44.94744897764217,17.732699852880433
9913.0,1999092600.0,15.592020941651173,12.0,151.3872093946261,79.36151790394656,102.7193345743266,37.68986991992929,238.97227233540568
9914.0,1999100800.0,9.883407049972215,45.0,52.23889874427604,219.98947038797385,282.2440904810487,37.93391505692462,238.97227233540568
9914.0,1999100806.0,5.817960638864317,45.0,52.23889874427604,-244.2018074027996,249.06127965743124,-44.4355583236809,119.21133205364981
9914.0,1999100812.0,14.923953775011585,45.0,52.23889874427604,-254.89654934885772,256.8238080228904,-44.7842117000761,258.6015891496366
9914.0,1999100818.0,62.89843327539393,45.0,52.23889874427604,-179.4086056934083,280.77821834909577,-32.5773206648324,258.6015891496366
13.0,2000083100.0,12.690436305027157,20.0,100.3462021112321,-108.98571473433314,244.4873470198839,-24.025994231951046,243.2646630842783
13.0,2000083106.0,11.644076381281593,25.0,83.84716432679616,-34.972090105915626,179.10766354837827,-11.048413969014783,243.2646630842783
13.0,2000083112.0,17.458178016285064,25.0,83.84716432679616,35.08069156798519,111.19492664455854,17.509872619761424,58.32037571544491
13.0,2000083118.0,17.110740298882256,30.0,72.40148542303059,31.86930532905068,32.774266084732076,44.19795512536015,58.32037571544491
13.0,2000090100.0,18.840679522829056,25.0,83.84716432679616,68.69918322748826,113.04107078139671,31.288576764412674,310.69062227448387
21.0,2000110612.0,7.193151288161772,30.0,72.40148542303059,-198.68859811314644,279.20181273397117,-35.436824673380315,310.69062227448387
21.0,2000110618.0,12.159107719555694,12.0,151.3872093946261,-231.07881673774017,251.3980078985711,-42.58845133136233,318.4244172110762
21.0,2000110700.0,14.014675954389789,10.0,175.31944474510186,-228.8230432727954,234.42478201151548,-44.307195139001905,318.4244172110762
21.0,2000110706.0,16.04666470877648,10.0,175.31944474510186,230.29408789681443,230.88942837625538,44.92603708351609,312.29468876448334
104.0,2001070506.0,16.52923395694962,45.0,52.23889874427604,-94.15405797553964,272.6605345256317,-19.050614867993993,312.29468876448334
104.0,2001070512.0,15.188039258001004,45.0,52.23889874427604,-15.146982925830539,183.80236813957816,-4.7110467286300395,315.0160457979311
104.0,2001070518.0,26.441980642500337,45.0,52.23889874427604,-19.74298613755329,93.32808225000532,-11.944475230355943,315.0160457979311
104.0,2001070600.0,24.186186522291322,40.0,57.43436099052307,22.265695288493927,70.02716818331908,17.63847628826363,326.3204115468445
107.0,2001072406.0,19.082226812118094,30.0,72.40148542303059,-205.67017692087944,262.10311187432495,-38.12098816675091,326.3204115468445
107.0,2001072412.0,20.892484728356468,35.0,63.95217374784219,-206.32175400415161,215.28194392382977,-43.78249693781663,174.0857996676524
107.0,2001072418.0,13.996669059865285,35.0,63.95217374784219,185.39428300838168,216.564839893885,40.565782162317824,315.10159056766724
107.0,2001072500.0,22.11774182164682,35.0,63.95217374784219,263.199540981186,268.3530170318775,44.444526844714645,315.10159056766724
116.0,2001091918.0,17.972198906080603,15.0,126.49595057933435,81.04572096993144,246.71251591238894,18.18549008367234,81.86667048950423
116.0,2001092000.0,25.665217923839815,25.0,83.84716432679616,50.93089384477118,150.34307834666495,18.714554317277045,81.86667048950423
116.0,2001092006.0,18.765125437067493,15.0,126.49595057933435,55.43612038152992,56.53520819995277,44.43761432733317,63.36552918122052
204.0,2002060600.0,10.615238104767883,10.0,175.31944474510186,273.29197342758624,295.72088790575464,42.74272728487357,63.36552918122052
204.0,2002060606.0,13.931860366245873,10.0,175.31944474510186,277.98722657004146,277.98731661139686,44.99999072081679,58.96278450362468
204.0,2002060612.0,24.154563660903378,12.0,151.3872093946261,-109.09418393047947,290.08451257277966,-20.610138061572762,58.96278450362468
208.0,2002070718.0,10.520907073398686,15.0,126.49595057933435,-144.4013179389476,162.5604816627214,-41.61445737040658,68.1520958197911
208.0,2002070800.0,12.626328455182248,18.0,109.22843718657725,-155.94582810281875,197.2109071296611,-38.33541774741675,68.1520958197911
208.0,2002070806.0,16.35772187182601,18.0,109.22843718657725,-247.16187211732208,247.83416156767834,-44.92218255943344,89.9718073710872
212.0,2002080300.0,13.97849502595899,14.0,133.7202001013979,-156.89287152411887,265.20999631737595,-30.60770091130562,89.9718073710872
212.0,2002080306.0,15.696769497562528,18.0,109.22843718657725,-185.63247557757091,205.73169765824434,-42.06005348297345,98.18521694513075
212.0,2002080312.0,13.987602920712797,18.0,109.22843718657725,-188.88760635426482,189.31366275795227,-44.93545441162443,98.18521694513075
212.0,2002080318.0,6.389235676767195,20.0,100.3462021112321,121.89242337186809,212.83142853495735,29.800550369848487,19.27623361158097
212.0,2002080400.0,13.927861953642102,20.0,100.3462021112321,98.0276592389363,245.27355330910098,21.784942436927224,19.27623361158097
212.0,2002080406.0,9.425848217186465,25.0,83.84716432679616,-10.882408802777956,171.83189953143062,-3.6238002137829888,273.14108651114134
212.0,2002080412.0,10.607985225648383,25.0,83.84716432679616,28.36121971140981,115.41622773129345,13.80574685823783,273.14108651114134
212.0,2002080418.0,18.84618987730178,30.0,72.40148542303059,10.883440643922727,55.597463322279445,11.075836274866564,288.4176095029351
212.0,2002080500.0,20.385736551502465,25.0,83.84716432679616,-21.95872509118298,59.25947378545635,-20.332294856475063,288.4176095029351
212.0,2002080506.0,18.836403059777826,25.0,83.84716432679616,56.56921269638395,179.0803988000563,17.5306618109698,105.21850998207124
218.0,2002091012.0,14.247353728204883,18.0,109.22843718657725,-191.81047468437762,276.54364985457346,-34.74514876023219,312.2771377888673
218.0,2002091018.0,17.451844450123453,18.0,109.22843718657725,221.29428415420017,222.38985328911744,44.85852241556217,312.2771377888673
218.0,2002091100.0,16.558577396059853,20.0,100.3462021112321,232.17549093602406,235.22292114092554,44.62643772317005,185.4121713975269
218.0,2002091106.0,12.75033293575718,20.0,100.3462021112321,254.53274169311376,264.9177875724348,43.85467429705539,302.1075478139852
313.0,2003090200.0,26.801700809273427,60.0,41.4398648134883,6.866853310470904,265.8822143016533,1.4794305508603074,302.1075478139852
313.0,2003090206.0,29.643385479377866,50.0,47.99093740128585,-2.4438363021702614,105.18246073826776,-1.3309853861730607,294.0205656722005
313.0,2003090212.0,34.443303042849486,45.0,52.23889874427604,17.562602655421166,72.74031890668932,13.573854171552235,294.0205656722005
409.0,2004071512.0,20.424384650521365,20.0,100.3462021112321,-113.0546412459189,251.14527146140642,-24.235195003585012,305.61626582547774
409.0,2004071518.0,16.499495357484474,20.0,100.3462021112321,-118.50546367414003,153.48754985531332,-37.671198674952215,305.61626582547774
409.0,2004071600.0,13.875427001684884,20.0,100.3462021112321,112.7089369964927,118.59562676130173,43.54213992864044,303.754981196737
409.0,2004071606.0,31.919056646980163,20.0,100.3462021112321,112.09948489441493,116.97230316429356,43.78138716392031,303.754981196737
411.0,2004072618.0,26.45159278979398,10.0,175.31944474510186,92.64114249296784,243.48262747685098,20.830998294362463,324.5156118642621
411.0,2004072700.0,18.956885485135597,20.0,100.3462021112321,80.06677799999923,115.09063960867121,34.8257385918036,324.5156118642621
411.0,2004072706.0,33.13090254537568,10.0,175.31944474510186,-82.14721262361046,91.28436081649136,-41.98419121077712,345.98168174839986
418.0,2004082600.0,17.07682088679676,25.0,83.84716432679616,103.28298126888193,252.852973682994,22.218566441229306,345.98168174839986
418.0,2004082606.0,17.089694125312604,15.0,126.49595057933435,105.374483517829,166.21520587062335,32.37323263978712,114.7429376131426
418.0,2004082612.0,19.524409484620175,15.0,126.49595057933435,104.24411788311107,111.66500809137507,43.03149413863868,261.77320620653853
418.0,2004082618.0,14.055250765428097,15.0,126.49595057933435,116.5255902268083,128.67843785877804,42.16261766098468,261.77320620653853
418.0,2004082700.0,8.743983876192457,15.0,126.49595057933435,64.92647124970168,177.61175076112372,20.08002625681935,265.8311210875801
418.0,2004082706.0,7.087833270525881,15.0,126.49595057933435,75.25204572556368,226.93393242200665,18.345692425743735,265.8311210875801
510.0,2005081218.0,28.096164114479805,25.0,83.84716432679616,149.73632622430148,299.7439418867037,26.54430473169768,265.51947475323584
510.0,2005081300.0,22.802408556258666,30.0,72.40148542303059,163.34279894276568,175.92590482023576,42.8759356700026,265.51947475323584
510.0,2005081306.0,22.93537878242553,20.0,100.3462021112321,179.66429882159875,183.1482399649437,44.44982885899424,151.1030915640108
518.0,2005092312.0,12.166981541839291,20.0,100.3462021112321,-240.87169055628033,274.36219575375736,-41.2809725196603,151.1030915640108
518.0,2005092318.0,11.827138916352483,25.0,83.84716432679616,-242.65011125538607,250.04466111119925,-44.14014778530344,342.9583880300836
518.0,2005092400.0,9.897247297157598,30.0,72.40148542303059,92.4239316394959,278.18038143218064,18.378789041677724,342.9583880300836
601.0,2006051700.0,16.36361735853205,60.0,41.4398648134883,-109.04164076331892,222.63033463221373,-26.09505293991128,56.2382677642161
601.0,2006051706.0,23.675983923534588,50.0,47.99093740128585,-117.16160544506249,143.05771423193346,-39.31683795725173,56.2382677642161
601.0,2006051712.0,19.227127181924427,50.0,47.99093740128585,-121.14082194619726,123.82131284878845,-44.37306765183048,30.917799963277595
601.0,2006051718.0,21.009380688486953,50.0,47.99093740128585,-126.62865033177022,183.31403491223654,-34.63572517213664,30.917799963277595
605.0,2006072518.0,26.045360445598703,18.0,109.22843718657725,273.0996046625686,288.3438622485633,43.44469278015541,28.590768734412638
605.0,2006072600.0,13.558666602444482,16.0,120.0918404217308,280.834905166359,291.9562017178878,43.88768646267162,28.590768734412638
605.0,2006072606.0,60.56673286876466,15.0,126.49595057933435,-154.89153099473964,280.95183387139946,-28.868383724662205,141.20431969178773
609.0,2006080912.0,15.153643107993338,12.0,151.3872093946261,-138.44217826008082,195.1870521505788,-35.34729713901927,141.20431969178773
609.0,2006080918.0,10.118892242278578,12.0,151.3872093946261,-140.44622350287122,149.54376979908852,-43.20311005588731,315.07963337323287
609.0,2006081000.0,6.897178999942686,12.0,151.3872093946261,-107.70957884660216,144.82277043787948,-36.63942584069468,315.07963337323287
609.0,2006081006.0,7.139527679638518,12.0,151.3872093946261,-93.08230290325224,122.56229236013642,-37.215556261186,318.8648117166936
609.0,2006081012.0,15.93427274190295,12.0,151.3872093946261,-95.20389374377008,100.60470401070123,-43.42006325763295,318.8648117166936
609.0,2006081018.0,14.832628403905389,12.0,151.3872093946261,99.91438173849103,113.34304465297649,41.396884252470365,310.63279591336294
609.0,2006081100.0,60.16829198930045,10.0,175.31944474510186,32.152219775684,170.50789151664367,10.678721054947069,310.63279591336294
707.0,2007080806.0,24.004926922535443,25.0,83.84716432679616,-20.214851246952115,196.5896548805748,-5.870955867952112,306.88468773348353
707.0,2007080812.0,18.861039864680766,20.0,100.3462021112321,-20.79475272791686,56.00691178946296,-20.369409737954324,306.88468773348353
707.0,2007080818.0,24.176155547384152,15.0,126.49595057933435,3.0775381322869726,65.56936306889168,2.6872403023030795,324.47335290890675
707.0,2007080900.0,10.97621829313581,15.0,126.49595057933435,6.179815735709954,210.588259880744,1.680890348219516,324.47335290890675
707.0,2007080906.0,2.530133276050966,15.0,126.49595057933435,-118.33651001879112,276.400704368878,-23.177408300733806,138.82692700854233
707.0,2007080918.0,3.443827365462404,18.0,109.22843718657725,82.86808304081713,262.7703426988114,17.503354117441273,282.53698975936123
707.0,2007081000.0,14.051908062547632,18.0,109.22843718657725,-122.89613345451718,243.48262747684853,-26.78203812119363,282.53698975936123
707.0,2007081006.0,7.102171251547435,20.0,100.3462021112321,62.34203725475631,176.1764083239777,19.486907859386793,288.4726000413121
707.0,2007081012.0,3.8947679208189085,18.0,109.22843718657725,105.6731829886272,216.09687368858292,26.05902087478429,288.4726000413121
707.0,2007081018.0,9.323126151160247,18.0,109.22843718657725,-87.55402829237626,236.27832512584382,-20.33242027570607,326.38961981068303
707.0,2007081100.0,7.774213462802373,18.0,109.22843718657725,-101.42166698665037,186.1135232853731,-28.587962234867916,326.38961981068303
707.0,2007081106.0,17.918131474019415,18.0,109.22843718657725,-106.49289107164232,150.34307834666245,-35.31118228713602,352.88955780520564
707.0,2007081112.0,36.96427480405667,18.0,109.22843718657725,108.31645043806532,112.41043713986979,43.937414155161285,352.88955780520564
801.0,2008041912.0,31.942567400012972,12.0,151.3872093946261,-261.4600784363777,270.3910967594392,-44.037961010541636,341.5952783369294
806.0,2008062406.0,13.10211425307926,25.0,83.84716432679616,132.20577044125287,222.63033463221373,30.70333945710664,341.5952783369294
806.0,2008062412.0,18.774275174845823,25.0,83.84716432679616,123.01103044989125,164.00800954530357,36.87102074860222,330.2795906118268
806.0,2008062418.0,15.69176252134587,20.0,100.3462021112321,116.31500268301302,116.97230316429356,44.83856625350768,330.2795906118268
806.0,2008062500.0,8.803857551400892,20.0,100.3462021112321,55.58909195718259,137.51150504480358,22.011044894320726,333.4489035935258
806.0,2008062506.0,9.871329709894313,15.0,126.49595057933435,-186.45142503429005,186.5939705290611,-44.97810653893972,333.4489035935258
806.0,2008062512.0,13.082833394410171,12.0,151.3872093946261,140.03509521148806,196.25101518983956,35.50979120670827,44.99316812150252
809.0,2008080500.0,14.260709386311282,20.0,100.3462021112321,-211.12306339143524,298.0732357147924,-35.30965883316714,44.99316812150252
809.0,2008080506.0,11.809314323836636,20.0,100.3462021112321,218.60968503345148,244.6288386180292,41.78519198901063,123.7892890422761
809.0,2008080512.0,11.042302189276887,25.0,83.84716432679616,220.15963303226204,220.19366559409605,44.995571914275864,336.83020142859874
809.0,2008080518.0,7.171161213497143,25.0,83.84716432679616,210.94336249741247,226.08025469023218,43.01627775970066,336.83020142859874
809.0,2008080600.0,16.644976915495814,30.0,72.40148542303059,236.73642265213186,242.84788904232548,44.26990464491069,275.6137196298961
809.0,2008080606.0,60.66315178960577,30.0,72.40148542303059,170.2020292618986,276.0873874101497,31.6529532350778,153.002244459623
812.0,2008082112.0,12.767276339823447,40.0,57.43436099052307,-112.20948075495566,235.22292114092667,-25.502758714914467,66.70828688203635
812.0,2008082118.0,12.744636250784973,35.0,63.95217374784219,-113.46027772373823,171.83189953143128,-33.43670714650988,66.70828688203635
812.0,2008082200.0,17.703087718004472,35.0,63.95217374784219,110.85689726547433,124.04138937970428,41.787443747462085,30.864249190796283
812.0,2008082206.0,11.529808943405945,35.0,63.95217374784219,114.41583160713999,116.97230316429356,44.3669983497281,30.864249190796283
812.0,2008082212.0,17.984069585668482,30.0,72.40148542303059,41.45493869589388,143.82247958728337,16.078930950665956,307.93989913553264
812.0,2008082218.0,9.00799250110465,18.0,109.22843718657725,178.63194769680862,248.53131482889904,35.7067013060621,307.93989913553264
814.0,2008092306.0,31.464850191826503,70.0,36.603799205979946,-229.5479502910314,234.42478201151548,-44.39778446907089,319.45461423574665
814.0,2008092312.0,37.42365960740354,70.0,36.603799205979946,201.22084591301476,268.3530170318775,36.86389612209391,319.45461423574665
903.0,2009062006.0,13.099679163911757,30.0,72.40148542303059,-282.77977995156306,288.5178209899751,-44.42454776796251,275.6896652212297
903.0,2009062012.0,13.965380630787799,30.0,72.40148542303059,-276.22296435644944,277.9177775648117,-44.8247641189718,275.6896652212297
903.0,2009062018.0,18.846638926477265,30.0,72.40148542303059,-275.7464325715941,275.85971598132187,-44.98823316021399,293.21852353412424
903.0,2009062100.0,60.52638783602614,30.0,72.40148542303059,-154.86213362868506,290.6466254353518,-28.049552655470436,293.21852353412424
904.0,2009062606.0,28.618939330397538,20.0,100.3462021112321,-69.40546371594793,201.21597432542475,-19.030859762684514,299.068012150761
904.0,2009062612.0,15.544529597941851,22.0,92.93511238619287,67.89359332351592,68.00201649409708,44.95428705337914,299.068012150761
904.0,2009062618.0,9.421850547830044,15.0,126.49595057933435,95.21812511155133,107.90441751400967,41.42615692093308,170.88506765270063
904.0,2009062700.0,56.36742221687308,10.0,175.31944474510186,-15.543343999378175,143.55581557789353,-6.179562780286624,170.88506765270063
906.0,2009071806.0,23.426570650236428,40.0,57.43436099052307,4.7626186562626645,196.43614731283108,1.38887115616979,44.89020276755766
906.0,2009071812.0,27.96285712320916,45.0,52.23889874427604,-10.924714797932701,56.00691178946296,-11.037527269832427,44.89020276755766
906.0,2009071818.0,26.231817654714646,35.0,63.95217374784219,11.938711864127708,113.50857633565204,6.0042335280848445,54.383734174520846
906.0,2009071900.0,60.46234822741343,23.0,89.66835004458707,202.7945257380465,270.3910967594392,36.870060814122965,54.383734174520846
907.0,2009080318.0,11.422801968941833,20.0,100.3462021112321,261.9076334218316,279.4386602230301,43.14517445740081,56.260725039754675
907.0,2009080400.0,10.62515010417757,25.0,83.84716432679616,233.24196505228122,259.89105999076213,41.90672325512788,56.260725039754675
907.0,2009080406.0,11.558402715131892,30.0,72.40148542303059,234.01795241541328,234.78389722826915,44.90638824036099,70.00934892797325
907.0,2009080412.0,10.251174567796573,35.0,63.95217374784219,197.78082540537304,234.26268248752112,40.17338046485826,70.00934892797325
907.0,2009080418.0,3.4414302060544464,30.0,72.40148542303059,72.31517704500074,268.97496557747155,15.048394058196076,70.0143371379112
907.0,2009080500.0,61.725941063086545,30.0,72.40148542303059,206.6641339004046,288.752029673704,35.591863670300945,70.0143371379112
915.0,2009091400.0,13.387740360668142,20.0,100.3462021112321,-241.95290728015246,279.7201024083978,-40.85922178716515,225.66656711401234
915.0,2009091406.0,18.993706581742824,30.0,72.40148542303059,212.63423583767266,248.10858526064223,40.59726528069846,291.9013912861935
915.0,2009091412.0,18.80129480337608,35.0,63.95217374784219,198.95701117496245,207.79349344692892,43.75546924427663,291.9013912861935
915.0,2009091418.0,53.36210189627847,50.0,47.99093740128585,197.43129530484464,257.7581863392521,37.450507204627186,321.4807667875084
1006.0,2010082906.0,5.081599072453432,15.0,126.49595057933435,-226.59898074070878,263.18744751272504,-40.72777438210148,321.4807667875084
1006.0,2010082912.0,5.5597463322280625,15.0,126.49595057933435,-88.03578153515122,247.75072362463408,-19.56216885793124,303.81158783794496
1006.0,2010082918.0,5.0738386527673685,15.0,126.49595057933435,-201.8801335880229,216.56483989388596,-42.990114341183364,303.81158783794496
1006.0,2010083000.0,3.4626263760494793,15.0,126.49595057933435,-174.57531481982693,205.73169765824434,-40.31654294085226,288.50456046456935
1006.0,2010083006.0,5.516292871994577,20.0,100.3462021112321,-123.26071625453625,216.84460117492844,-29.615147102637234,288.50456046456935
1006.0,2010083012.0,5.197392876944362,25.0,83.84716432679616,-183.46320122128898,244.4650045116166,-36.8870607526513,284.0807156448907
1006.0,2010083018.0,5.197392876943922,20.0,100.3462021112321,-182.2392894626543,265.20999631737595,-34.49493880826097,284.0807156448907
1006.0,2010083100.0,57.47626586094757,20.0,100.3462021112321,217.70995130736145,287.80523488298286,37.1056429516183,107.95997121024904
1006.0,2010090200.0,21.05561212642215,20.0,100.3462021112321,194.25497142878962,256.92826489233374,37.09172161503567,107.95997121024904
1006.0,2010090206.0,18.97427510240375,15.0,126.49595057933435,167.67847779632316,205.91783708599928,39.1558565329917,67.59997406738917
1006.0,2010090212.0,19.45614514327195,15.0,126.49595057933435,169.16843071539068,169.5848107887352,44.9295746698818,67.59997406738917
1006.0,2010090218.0,7.038750893713978,12.0,151.3872093946261,159.85529611044763,195.72183110624508,39.24014184883074,270.04407079635536
1006.0,2010090300.0,7.043748044593688,10.0,175.31944474510186,157.95530553065757,221.08354422864122,35.54428202960479,270.04407079635536
1006.0,2010090306.0,8.497698020993946,10.0,175.31944474510186,104.30321731724057,251.13407876615835,22.55451953003249,284.06033258702746
1011.0,2010092000.0,22.407747900324363,35.0,63.95217374784219,35.62016950297387,244.22522715166656,8.298061662336675,285.26585974928156
1011.0,2010092006.0,17.88857336499694,20.0,100.3462021112321,106.4510970361893,113.04107078139859,43.280283550898865,300.29206853641836
1011.0,2010092012.0,27.224603350089613,14.0,133.7202001013979,133.7993147371267,133.82531104986262,44.99443444715297,154.6838922471374
1013.0,2010102212.0,9.422986887386577,50.0,47.99093740128585,278.50292005632105,288.70694312720974,43.96936841998746,100.43561381613375
1013.0,2010102218.0,11.630407885366877,45.0,52.23889874427604,273.00885934825214,279.06784751383356,44.3712096369518,100.43561381613375
1013.0,2010102300.0,12.229452370429742,45.0,52.23889874427604,273.0055599614098,274.84344998770376,44.807788378241455,295.56279099972386
1013.0,2010102306.0,51.87418921366602,35.0,63.95217374784219,-176.76114939036998,279.8795792303805,-32.27492714088175,295.56279099972386
1103.0,2011061012.0,24.09223410632109,15.0,126.49595057933435,-149.21569176973213,196.6365800997896,-37.1926792100405,350.5643930705061
1103.0,2011061018.0,18.532487774093088,15.0,126.49595057933435,-143.8225161274021,144.19976833255325,-44.924953908177756,350.5643930705061
1103.0,2011061100.0,63.99557757173378,14.0,133.7202001013979,-89.12037549421945,188.3578539529587,-25.320887815040972,102.31025955088546
1205.0,2012061906.0,15.226167451847928,25.0,83.84716432679616,164.7644821277135,233.5093459535733,35.20684110580996,333.48741363480525
1205.0,2012061912.0,17.732622687990098,25.0,83.84716432679616,-171.71028510949637,177.93067316045358,-43.98077047578662,333.48741363480525
1205.0,2012061918.0,25.57766369088104,25.0,83.84716432679616,-174.4714853078413,175.59296072393371,-44.81644640272457,315.02912367234757
1205.0,2012062000.0,45.78284725628961,20.0,100.3462021112321,-185.3531829348178,237.15198439532722,-38.01046210137905,315.02912367234757
1206.0,2012062906.0,26.62609311223356,20.0,100.3462021112321,-107.52450260038613,230.86325687038456,-24.973737573603557,318.02260003326654
1206.0,2012062912.0,29.80562385663683,25.0,83.84716432679616,114.63042793211056,115.41622773129345,44.80428823536215,318.02260003326654
1206.0,2012062918.0,32.943490614382874,25.0,83.84716432679616,198.6670419215537,220.19043963133856,42.05838813558513,137.32877871492926
1208.0,2012072306.0,13.92786195364227,35.0,63.95217374784219,218.82514304458158,233.88281645249387,43.09496790701273,315.0628071690802
1208.0,2012072312.0,20.23884914338907,45.0,52.23889874427604,213.8356171784546,214.113323025332,44.96281946455768,315.0628071690802
1214.0,2012082500.0,8.768230097386699,35.0,63.95217374784219,-66.2830888652053,287.96040899110756,-12.962627597566991,319.442644755989
1214.0,2012082506.0,12.69227341797935,35.0,63.95217374784219,-148.46990599426442,237.49215055230525,-32.011855826836396,319.442644755989
1214.0,2012082512.0,11.547100028026277,40.0,57.43436099052307,-176.97907055986,187.3016775853788,-43.376846458496466,350.54949520956495
1214.0,2012082518.0,7.4129951096372,45.0,52.23889874427604,-138.46067056761046,181.48260738463756,-37.34152457008152,350.54949520956495
1214.0,2012082600.0,4.09091253809997,45.0,52.23889874427604,-53.331826052330236,214.11332302533447,-13.986742164078413,203.0972260133709
1214.0,2012082606.0,5.519538530490948,45.0,52.23889874427604,-126.24920280916942,238.0460536059954,-27.939520954579805,203.0972260133709
1214.0,2012082612.0,24.192149256780144,40.0,57.43436099052307,-265.43755515366297,266.3584518025158,-44.90078255963476,23.891209915585957
1308.0,2013071800.0,24.092234106320916,20.0,100.3462021112321,-269.8427342895271,282.2440904810487,-43.71319896240683,23.891209915585957
1308.0,2013071806.0,22.50144364638676,15.0,126.49595057933435,-255.22169709253552,272.3451832902989,-43.14097659073777,21.746614991095065
1319.0,2013092200.0,21.917847750899313,80.0,32.87325033719918,55.77809746811232,259.13429153793015,12.14745246280315,21.746614991095065
1319.0,2013092206.0,25.07383914747049,80.0,32.87325033719918,26.88762697861524,134.059657206574,11.34103633246245,348.71427329801196
1319.0,2013092212.0,26.194992131215276,75.0,34.626274653077736,30.324079644645852,34.90120627101331,40.98589984671529,348.71427329801196
1319.0,2013092218.0,64.02718083074707,35.0,63.95217374784219,127.07203337602645,177.05910809446073,35.66630127409977,192.19925338777747
1329.0,2013110206.0,5.086174825321114,60.0,41.4398648134883,219.4436636506518,289.8491609657965,37.12922087350413,306.9709996290782
1329.0,2013110212.0,6.400260834084086,55.0,44.44655669143675,245.94759472687565,270.065400528519,42.324013945750146,306.9709996290782
1329.0,2013110218.0,3.4762828304001387,35.0,63.95217374784219,243.18826153765488,255.13570820396464,43.626581910176036,299.81874014792385
1329.0,2013110300.0,3.4762828303996964,35.0,63.95217374784219,242.36963207537076,261.76978277559385,42.79624735532813,299.81874014792385
1329.0,2013110306.0,43.47858450540247,30.0,72.40148542303059,236.7066926227345,269.83308860264464,41.25833179245192,121.6411850493352
1407.0,2014061400.0,5.82426848170693,16.0,120.0918404217308,72.53326262758642,274.80229742265504,14.78584277636895,121.6411850493352
1407.0,2014061406.0,7.412995109637142,18.0,109.22843718657725,-140.99858159823938,241.0852004514642,-30.321213291651276,294.50360842507735
1407.0,2014061412.0,9.266243887046574,20.0,100.3462021112321,-139.74219120563401,205.53952298665638,-34.210996604218884,294.50360842507735
1407.0,2014061418.0,11.251657493739524,22.0,92.93511238619287,119.96401664740975,167.22783163314952,35.654474027623316,115.41635095552505
1407.0,2014061500.0,11.119492664455771,22.0,92.93511238619287,-124.02582564889728,127.83862032610352,-44.13270665556661,115.41635095552505
1407.0,2014061506.0,9.873967910718484,24.0,86.64829809982032,126.44216364870672,127.58052874770065,44.74323916304533,288.5281157843632
1407.0,2014061512.0,7.412995109637378,16.0,120.0918404217308,-105.80262123977019,135.6650162544721,-37.95000535132006,288.5281157843632
1407.0,2014061518.0,13.019364994181835,12.0,151.3872093946261,-17.72269320918988,168.1221868085479,-6.017641699455766,232.92598058560017
1407.0,2014061600.0,36.02643383436108,12.0,151.3872093946261,-216.51781029343832,245.90503836951365,-41.36371148622799,232.92598058560017
1510.0,2015070818.0,14.18045120559682,55.0,44.44655669143675,54.530924102685255,226.00554355894454,13.565130913207204,78.64410877247279
1510.0,2015070900.0,20.833590924375574,55.0,44.44655669143675,44.07302689686675,145.42862499111234,16.859750692680986,78.64410877247279
1510.0,2015070906.0,23.981023740198236,40.0,57.43436099052307,42.14104422901573,48.981692719889715,40.70681801258799,57.93455090169296
1510.0,2015070912.0,26.250116873800135,25.0,83.84716432679616,54.9196593284034,127.58052874769939,23.290453947346744,57.93455090169296
1604.0,2016080106.0,28.943096985549563,35.0,63.95217374784219,-44.736104269805054,258.5859836040798,-9.815178257308673,61.65869177736948
1604.0,2016080112.0,20.456714507940656,45.0,52.23889874427604,-37.248275805112876,93.32808225000532,-21.75749185723782,61.65869177736948
1604.0,2016080118.0,25.07383914747028,40.0,57.43436099052307,24.075001641878135,52.57323884746856,24.60458903607427,330.3174641298135
1604.0,2016080200.0,62.26433451011655,28.0,76.53637190808041,19.049432083445833,197.8074598858486,5.500786373717789,330.3174641298135
1608.0,2016081506.0,14.255964054590732,15.0,126.49595057933435,-101.08732453271428,177.71977981588094,-29.631295385034925,341.5983446960177
1608.0,2016081512.0,15.612955490690238,15.0,126.49595057933435,-94.85280568384906,121.26859716237792,-38.03149423607096,341.5983446960177
1608.0,2016081518.0,12.061739784274492,15.0,126.49595057933435,99.99837656176146,100.60470401070123,44.82682270911378,348.70614717916834
1608.0,2016081600.0,13.90413222547363,15.0,126.49595057933435,106.91243932631492,129.66407390199015,39.506741266549334,348.70614717916834
1608.0,2016081606.0,5.165740600009701,16.0,120.0918404217308,83.82437752024676,187.30890172984869,24.109444577632217,15.932651025805075
1608.0,2016081612.0,5.48980090004786,16.0,120.0918404217308,16.150613751606713,215.00936337679403,4.2957545653254225,15.932651025805075
1608.0,2016081618.0,3.913964362349194,18.0,109.22843718657725,19.190933235742403,247.8341615676759,4.427838562480827,204.64909140047502
1608.0,2016081700.0,3.9160528203272005,18.0,109.22843718657725,19.306755882473553,271.2657096333054,4.07103959785235,354.82663988752864
1619.0,2016100618.0,14.381932929405524,15.0,126.49595057933435,-256.57985199889157,290.0535084635696,-41.49580966123133,354.82663988752864
1619.0,2016100700.0,10.157018783426748,18.0,109.22843718657725,-92.83467384382416,265.6303765992747,-19.263916635633983,354.30445916567857
1619.0,2016100706.0,5.823247450181857,18.0,109.22843718657725,0.15813689041870885,209.5420032234419,0.04323989723689743,354.30445916567857
1619.0,2016100712.0,4.0899319476757805,20.0,100.3462021112321,-123.15680359561134,174.60271276347513,-35.19740094903357,337.40445076101685
1619.0,2016100718.0,3.9202029132402636,25.0,83.84716432679616,-157.16851381988698,157.25785383003353,-44.98372017772059,337.40445076101685
1619.0,2016100800.0,6.366596171820447,25.0,83.84716432679616,-156.8959260537626,156.89647977845397,-44.99989889466017,331.7044234562166
1619.0,2016100806.0,5.4931634737240165,20.0,100.3462021112321,-138.65485729664636,158.82422391421534,-41.12122753875229,331.7044234562166
1619.0,2016100812.0,3.911866978208392,18.0,109.22843718657725,-151.1460529675144,175.59296072393371,-40.721050962656705,93.83884160143506
1619.0,2016100818.0,3.9097606791168786,15.0,126.49595057933435,-150.00623594906818,187.30890172984982,-38.68947366301515,93.83884160143506
1619.0,2016100900.0,3.907645476343056,15.0,126.49595057933435,-149.11672332295174,201.05500180020323,-36.56326690498379,233.0970414122216
1619.0,2016100906.0,3.4390225634482596,15.0,126.49595057933435,-62.10869126991593,216.44053641134414,-16.01109622432954,233.0970414122216
1619.0,2016100912.0,2.528501903802996,12.0,151.3872093946261,-117.66979210449816,236.113053114852,-26.48992524618325,61.3942417529945
1619.0,2016100918.0,5.559746332227944,12.0,151.3872093946261,-238.58272342786165,249.33057006340465,-43.73808177922243,61.3942417529945
1619.0,2016101000.0,9.389878251236139,12.0,151.3872093946261,-186.4043704613227,261.8964190963556,-35.44130072407497,251.53978733671067
1619.0,2016101006.0,11.76677529775008,12.0,151.3872093946261,-198.82930290289343,228.66901448354923,-41.00718661355048,251.53978733671067
1619.0,2016101012.0,14.213431884795817,10.0,175.31944474510186,-205.40052312718052,207.79349344692972,-44.66818114134486,299.0523018937799
1619.0,2016101018.0,13.948218023082417,10.0,175.31944474510186,-196.64990810059308,217.50594586597964,-42.11713753927214,299.0523018937799
1619.0,2016101100.0,21.2409943977131,10.0,175.31944474510186,238.18521479701954,267.06879419196804,41.728164554161424,194.02058902570064
1622.0,2016102018.0,26.184477231521708,55.0,44.44655669143675,-24.172738287491462,235.22292114092667,-5.867417312275166,194.02058902570064
1622.0,2016102100.0,24.500098432133196,55.0,44.44655669143675,-14.83628799871323,80.51566289737013,-10.44054174639684,123.7320040866075
1622.0,2016102106.0,22.496843999860854,40.0,57.43436099052307,33.63053055953469,69.09056652872403,25.95497049460211,123.7320040866075
1702.0,2017061200.0,18.798387886574954,20.0,100.3462021112321,162.3160761417663,259.08097946374,32.067436353685345,97.15646029467884
1702.0,2017061206.0,16.76806702467967,22.0,92.93511238619287,114.09655435451239,181.29330115619734,32.18417216830836,97.15646029467884
1702.0,2017061212.0,16.766949492212063,30.0,72.40148542303059,-98.18972194830201,116.97230316429356,-40.01100876722852,321.36505223258234
1702.0,2017061218.0,18.84207794020216,20.0,100.3462021112321,-99.95375519086113,102.47839336169002,-44.28547113642708,321.36505223258234
1707.0,2017072212.0,26.093179615569586,12.0,151.3872093946261,-62.743685290238886,247.83416156767834,-14.206952870311873,228.75581347068749
1707.0,2017072218.0,25.77106199699257,12.0,151.3872093946261,-45.51447993750508,106.09278912845505,-23.219639462512532,228.75581347068749
1707.0,2017072300.0,26.730935870173326,15.0,126.49595057933435,38.65145757332849,75.32120032387371,27.164857999967314,191.28547154914054
1713.0,2017082212.0,24.346694242284332,35.0,63.95217374784219,-121.25796967855428,281.57696839934766,-23.298587115687237,191.28547154914054
1713.0,2017082218.0,26.939652874885876,45.0,52.23889874427604,-135.10828921094432,164.0080095453044,-39.48138277361615,86.63251260702731
1713.0,2017082300.0,29.69185843536584,60.0,41.4398648134883,138.0980721383878,151.63475359890535,42.32501448527949,284.01166108459284
1713.0,2017082306.0,45.97869763068172,55.0,44.44655669143675,179.12732643503682,271.1531017111509,33.449278725629235,284.01166108459284
1714.0,2017082618.0,36.82560833454906,28.0,76.53637190808041,188.473983234433,204.37798989398252,42.681734595418625,303.6914167271673
1716.0,2017090118.0,7.8506757013017365,12.0,151.3872093946261,-47.00941191114827,288.6325579992441,-9.25050565794144,303.6914167271673
1716.0,2017090200.0,5.067510490059257,20.0,100.3462021112321,30.484229466641928,242.41822836045756,7.167355099716134,149.66488844307256
1716.0,2017090206.0,4.088446418475874,20.0,100.3462021112321,95.1391869253927,212.25458788197213,24.14342426039344,284.02208348180426
1716.0,2017090212.0,6.540559303977417,20.0,100.3462021112321,73.46330523644153,190.47040577225894,21.09133102530137,284.02208348180426
1716.0,2017090218.0,5.0561826000323755,20.0,100.3462021112321,44.67623546934854,154.86561465756833,16.091998793267503,290.5989012623324
1716.0,2017090300.0,8.168796869664147,20.0,100.3462021112321,79.4243289387683,126.12181684954227,32.20038452173557,290.5989012623324
1716.0,2017090306.0,6.334198858272504,20.0,100.3462021112321,42.9049157226627,93.15688336446414,24.72920170579883,299.1038802737868
1716.0,2017090312.0,16.50834100833735,20.0,100.3462021112321,41.52143461066952,62.611369283682635,33.55079597352958,299.1038802737868
1716.0,2017090318.0,14.712859974845758,10.0,175.31944474510186,54.275974434208344,69.79577080219974,37.87006021279147,132.64562741473702
1804.0,2018060818.0,7.7383956084323335,12.0,151.3872093946261,-4.9883845756593805,270.4431895904138,-1.05671352304185,132.64562741473702
1804.0,2018060900.0,8.157274680410724,12.0,151.3872093946261,130.4551312478122,224.01558357285631,30.21431680352455,288.49664179680036
1804.0,2018060906.0,10.078884199949826,12.0,151.3872093946261,80.44225139911103,186.5939705290611,23.321285907415024,288.49664179680036
1804.0,2018060912.0,13.208039438535655,12.0,151.3872093946261,33.79002538924196,135.29295405410284,14.023004524578717,285.99917324773185
1804.0,2018060918.0,24.050573052349062,10.0,175.31944474510186,5.917896084519008,62.65522259181068,5.395680046738665,285.99917324773185
1804.0,2018061000.0,25.272458933151185,10.0,175.31944474510186,-58.21827049426818,82.18447570802822,-35.313194226583796,99.1320437854577
1806.0,2018061312.0,12.618378404133884,14.0,133.7202001013979,-153.05775058580693,216.33609512433043,-35.27940027097305,99.1320437854577
1816.0,2018081400.0,3.7064975548186294,22.0,92.93511238619287,-192.72734063468062,265.2099963173741,-36.005796878803416,277.12502366454146
1816.0,2018081406.0,6.375177641256614,22.0,92.93511238619287,239.62307044177322,249.7518012672778,43.814302254421584,277.12502366454146
1816.0,2018081412.0,36.36743280270656,25.0,83.84716432679616,195.51372503581217,260.5105635712104,36.88830486437894,281.3505584055108
1822.0,2018091600.0,36.851868635647484,65.0,38.853919355861585,195.63164765155477,211.52331364357983,42.76482290805921,281.3505584055108
1823.0,2018091112.0,17.3588388729972,15.0,126.49595057933435,-215.08110029247393,296.8006912237695,-35.92953220508257,296.6918600578284
1823.0,2018091118.0,17.739022310306108,15.0,126.49595057933435,-196.2722595998691,241.09285854462829,-39.148829994205066,296.6918600578284
1823.0,2018091200.0,16.026641710656225,15.0,126.49595057933435,197.7415562328894,200.41767524568152,44.61490779579189,63.31234148710863
1823.0,2018091206.0,19.044409075888733,18.0,109.22843718657725,174.66047279398205,205.73169765824304,40.330328257298554,63.31234148710863
1823.0,2018091212.0,56.35332710046897,18.0,109.22843718657725,226.27336308699276,280.5700283661384,38.88538871620671,78.65446256815713
1826.0,2018110106.0,5.825610613185817,25.0,83.84716432679616,17.76230558914821,296.6724699377759,3.4263095660020717,78.65446256815713
1826.0,2018110112.0,5.82460608417064,25.0,83.84716432679616,17.65653295063971,261.76978277559476,3.85879070677355,33.578350699814884
1826.0,2018110118.0,2.5380928573018093,20.0,100.3462021112321,-85.21294660728918,226.8915036449594,-20.584518142928133,33.578350699814884
1826.0,2018110200.0,3.4672207930012426,20.0,100.3462021112321,-198.40334237082533,212.83142853495826,-42.99061373547171,13.993390611216899
1826.0,2018110206.0,5.076962869174303,15.0,126.49595057933435,-179.59930880337544,206.7177614043376,-40.984572369342324,13.993390611216899
1826.0,2018110212.0,6.556483256016151,10.0,175.31944474510186,-150.34240207316225,224.54491322577732,-33.80399681993787,341.60627464407804
